job_name,job_url,job_location,job_salary,job_company,job_experience,job_class,job_given,job_detail,company_type,company_person,search_key,city
php开发工程师,https://www.lagou.com/jobs/6983254.html,锦江区,8k-13k,北京鱼爪网络科技有限公司成都分公司,1-3年,大专,有竞争力的薪资 大平台,"职位描述我们期望你：1.互联网三年以上研发经验，有大量大型互联网平台架设经验佳；2.熟悉php，熟悉yii2,Laravel5等当前主流web框架，熟练使用composer等依赖包管理工具；3.了解swoole扩展，了解 linux下多进程、多线程模型；4.熟悉互联网常用网络协议http、socket等；5.熟悉mysql/mongodb等数据库，熟悉mysql查询效率优化佳； 6.计算机相关专业，计算机基础知识扎实；7.熟悉git等常用版本管理工具； 8.良好的团队合作能力及良好的沟通能力；薪资组成部分： 基本薪资+全勤餐补+绩效+项目奖金+部门特殊贡献奖（包含不局限于创新，突破等），年底会根据项目情况发放年终奖金。上班时间：朝九点半晚六点半，周末单双休","移动互联网,电商",2000人以上,php,成都
php开发工程师,https://www.lagou.com/jobs/7164742.html,高新区,10k-16k,广州源创信息科技有限公司,3-5年,本科,个人发展,岗位职责 ：1. 负责参与项目的架构设计、原型实现以及服务端核心模块开发工作；2. 负责完成服务端核心代码，接口开发输出相关的规范化技术文档；3. 负责独立完成产品需求，对突发性问题能够及时追踪、定位和解决； 4. 负责优化现有系统，提升运作性能高产品的可用和易； 5. 负责配合测试人员进行产品的功能及性； 6. 参与产品上线后的日常维护、升级迭代。7.任职资格：1. 3年及以上PHP 开发工作经验，有高并、负载项目实践者优先； 2. 熟练使用Yii2框架，了解 LDAP 、熟悉微信公众号服务开发者优先，有 Swoole、Hyperf等异步框架使用经验者优先；3. 熟练 PostgreSQL、MySQL数据库应用开发，熟悉索引应用和优化，对性能优化有较深入的认识，具有独立排查数据库性能问题的能力者优先；4. 了解 Linux操作系统及相关网络技术与原理，熟悉Linux下的基础操作及脚本编写；5. 具备优秀的团队合作精神，有良好组织协调能力，对待工积极主动、抗压能力强，进取心强；6.有金融、SAAS项目经验者优先。一年后可择优转甲方,"电商,企业服务",50-150人,php,成都
高级PHP开发工程师,https://www.lagou.com/jobs/7081314.html,高新区,15k-25k,北京密境和风科技有限公司,5-10年,本科,福利好，空间大,职位描述：1、负责公司移动产品的后端研发工作，后台的架构设计及接口实现；2、指导其他PHP开发工程师，解决疑难问题；3、对接前端开发；4、优化架构，解决系统问题，提升开发效率。任职要求：1、本科及以上学历，5年以上大中型网站的PHP开发经验，熟悉PHP主流框架；2、精通Linux/MySQL/Redis等技术栈；3、较强的解决问题能力和业务敏感度；4、有责任心，优秀的团队合作精神，良好的沟通表达能力；5、自我驱动力强，有强烈的事业心和责任感；6、大型电商网站或互联网应用支付相关业务开发经验优先。,社交,150-500人,php,成都
PHP开发工程师,https://www.lagou.com/jobs/5022965.html,成华区,5k-7k,马来西亚东南亚玩家商城股份有限公司成都代表处,1-3年,大专,"六险一金,带薪年假,周末双休,节日福利",【岗位职责】1、负责公司现有系统的开发与维护，保证现有业务的正常运营;2、对现有程序的二次开发与维护;3、编写程序设计方案文档，并能通过审核，完成开发需求;4、遵循公司开发规范，代码高可读性。5、配合部门主管完成相关任务目标。【岗位要求】1、本科以上学历，3年及以上PHP开发经验，有CMS开发经验优先；2、熟悉主流PHP框架，懂TP、CI等框架；3、能熟练操作MYSQL，LINUX；4、熟悉MEMCACHE、REDIS等技术；5、有良好的代码习惯，要求结构清晰，命名规范，逻辑性强，代码冗余率低；工作地点：成都市成华区,"移动互联网,电商",50-150人,php,成都
php工程师,https://www.lagou.com/jobs/7172054.html,武侯区,12k-24k,成都欢聚堂科技有限公司,3-5年,本科,六险一金，13-16薪，周末双休,"岗位职责：1、负责公司APP、小程序、网站的API接口及管理后台的开发和维护；2、根据市场变化和业务发展趋势共同讨论产品发展策略，改进客户端性能和用户体验；3、与产品经理，设计师，前端开发工程师，测试人员协作优化产品各项参数和整体效果。任职要求：1. 计算机、软件工程相关专业，本科及以上学历；2. 3年以上PHP开发经验，1年以上互联网技术Leader经验；3. 精通PHP语言，良好的编码习惯，对代码质量有较高要求。4. 熟练使用各种SQL语句，并具有优化SQL的能力，有大数据量优化经验者优先。5. 熟悉Linux系统，了解Linux的常用命令和基本服务器运维。6. 熟悉redis、mongodb等NoSQL技术,有高并发开发经验的优先。7. 熟悉swoole, swoft或其他多进程编程框架。8. 有较强的分析问题和解决问题的能力，有较强的系统架构能力。公司优势：我们的核心产品已有500万+用户，行业内Top级的存在；已实现盈利，处于快速增长阶段；用户多、平台大，你可以尽情施展自己的才华，实现自我价值；团队氛围好，下班都是哼着小曲唱着歌；买房还有额外福利哦！","移动互联网,电商",150-500人,php,成都
php开发工程师,https://www.lagou.com/jobs/7053513.html,锦江区,8k-12k,成都嘉毅教育科技有限公司,3-5年,本科,双休 下午茶 五险一金,"岗位职责:1.负责网站后台模块开发2.负责网站前端接口开发对接,编写接口文档3.具备良好的编码、撰写文档习惯，代码结构清晰，命名规范；4.良好的逻辑思维能力，细致、耐心，较强的团队合作和敬业精神；5.执行能力强，做事有条理，有较强的分析问题和解决问题的能力。任职要求1.必须熟练掌握PHP开发语言，熟练掌握SQL语言，以及redis等nosql实际运用经验，有B端开发运营经验优先；2.必须熟练掌握微信网页，小程序后端开发流程；3.熟悉Linux，windows服务器，掌握Linux常用命令，以及服务器环境配置；4.熟悉HTML，JS，CSS，以及jQuery、bootstrap等前端框架，有实际使用vue前后端分离开发经验更佳；5.熟练使用yii2、laravel等第三方框架，有过微擎系统二开经验更佳6.熟练使用Git，SVN等版本管理工具7.统招本科学历及以上，具有3年以上的php实际开发经验（实习不算），良好的面向对象编程思想和开发习惯","移动互联网,教育",50-150人,php,成都
php开发工程师,https://www.lagou.com/jobs/4783304.html,高新区,8k-12k,成都集致生活科技有限公司,3-5年,本科,"六险一金,扁平化管理,轻松氛围,带薪年假","【你的工作范围】1，负责系统安全的设计及技术平台的搭建和优化；2，协助编写技术文档，进行代码质量的控制及代码review；3，关注目前技术的发展方向，保持对技术的敏感度，进行技术的预研和相关技术培训。【我们希望你具备】1，本科及以上学历，计算机或相关专业毕业，3年以上互联网开发经验，2年以上系统架构的经验；2，精通PHP,Mysql、熟悉phplib，smarty，thinkphp，oop；3，熟悉大型网站架构和性能优化，熟悉各种WEB缓存技术，并有实际项目经验；4，思路严谨，有良好的代码编写习惯，能够编写相关的技术文档；5，具有较强的沟通学习能力，对技术有热情，善于主动跟踪和学习最新的软件技术；6，有良好的自我管理能力和团队合作意识。 PS:有移动互联网开发经验，我们将优先考虑","移动互联网,消费生活",15-50人,php,成都
php开发工程师,https://www.lagou.com/jobs/6382529.html,高新区,8k-12k,万商云集（成都）科技股份有限公司,3-5年,本科,"免费健身,国内国外游,双休,节日福利","岗位职责：1、负责对公司现有产品的开发及日常技术维护及更新；2、协助项目经理和组长，依据产品需求，完成对产品功能开发；3、具备数据库设计能力,能对中小型系统进行独立数据库设计；4、具备良好的分析解决问题能力，能独立承担工作任务及把控任务进度；5、有良好的团队合作能力，善于沟通，工作自主驱动，有强烈的探索新技术知识的欲望；6、完成领导交办的其他事宜；任职资格：1. 本科及以上学历，中级以上，3-5年以上PHP开发工作经验，有商城相关开发经验者优先；2. 熟悉html、css、javascript、jquery等前端语言，熟悉bootstrap前端框架，具备前端开发能力；3. 精通PHP语言、OOP开发、MVC架构，熟悉TP、Laravel等MVC框架；4. 拥有良好的编码风格，结构清晰、命名规范、逻辑性强、代码冗余率低；5. 熟悉svn或git等常用版本控制工具；6. 精通Mysql操作、Mysql索引优化、查询优化和存储优化；7. 熟练memcached、redis等缓存技术，实践过redis优先考虑；8. 熟悉Linux环境和常用命令；9、熟悉公众号及小程序开发优先；","移动互联网,电商",500-2000人,php,成都
php开发工程师,https://www.lagou.com/jobs/6415666.html,高新区,8k-10k,万商云集（成都）科技股份有限公司,3-5年,本科,"免费健身,国内国外游,双休,节日福利",岗位职责：1.负责系统服务化功能模块的开发；2.遵守团队的代码规范，编写易读、易维护、高质量、高效率的代码；3.改进现有服务的质量和可用率；4.采用新技术、新的设计模式优化服务质量；5.参与核心服务模块的设计和开发； 岗位要求：1.计算机相关专业本科以上学历，2年及以上的PHP/LNMP开发经验，熟悉PHP主流抽象模式；2.计算机理论基础扎实，熟悉基本的数据结构、算法、计算机体系结构；3.有大数据、高并发、高可用分布式服务的设计和开发经验；4.熟悉使用linux和shell编写，LNMP环境编译布署及其配置调优；5.熟悉数据建模和实体抽象设计，擅长SQL查询优化；6.熟练使用分布式缓存，Redis、Memcached等；7.熟悉常用的数据安全设计和处理方式。8.善于沟通，能快速学习新技术，工作认真细致，乐于分享。,"移动互联网,电商",500-2000人,php,成都
php开发工程师,https://www.lagou.com/jobs/3588501.html,武侯区,8k-12k,四川为乐科技有限公司,3-5年,本科,有较大提升空间,"岗位职责：1、负责定制开发微信公众号、小程序、Android、IOS端的相关产品的后台开发2、负责相应的模块结构和流程逻辑代码编写3、负责优化客户端软件相关产品适配，功能升级4、参与团队的沟通协调，并按照产品经理的对产品的设计思路以及Ui设计界面进行相应的开发工作任职要求：1.全日制本科及以上学历，3年以上的APP开发经验，计算机专业；2.熟练使用 Vue.js 开发所有前端应用的框架,利用Uni-app前端进行后台开发；3. 精通ThinkPHP框架下进行公众号、小程序、APP后台对接开发;精通Mysql操作查询优化和存储优化；4.精通PHP语言，MVC架构，有成熟APP移动端开发等项目经验；5.独立完成WAP、APP、微信公众号、小程序的前端和服务器端开发经验优先；6.具备强烈责任心、良好的团队精神，以及较强的自学能力；7.具备产品思维，良好的沟通能力和团队意识；8.具备前端后端或是开放平台设计及开发经验优先；9.性格诚实稳重，做事踏实。","电商,企业服务",15-50人,php,成都
php,https://www.lagou.com/jobs/5867695.html,高新区,8k-15k,四川仙潭酒业销售有限公司,1-3年,本科,周末双休 、五险一金、绩效奖金、免费午餐,--岗位职责1、负责公司网站、公众号、小程序等系统的分析和设计；2、关键程序的开发和服务器环境配置管理；3、按照开发流程按时、按质完成现有项目功能的维护和新功能的研发；4、配合完成相关功能测试工作，对突发性出现的问题能够及时追踪、定位和解决。5、参与产品前期定型讨论，方案的设计工作。--任职要求1、大专及以上学历，5年以上PHP开发经验，计算机及相关专业优先；2、熟练掌握PHP、OOP开发、MVC架构，熟悉thinkphp5；3、熟练掌握HTML、CSS、Javascript等前端技术，熟悉vue2.0、AngularJS等前端框架优先；3、熟悉Mysql，Redis，Memcached等储存技术，具备一定的数据库性能优化经验，有大型项目经验优先;4、有APP、微信公众号和小程序开发经验优先；5、有商城、分销系统、食品餐饮行业经验者优先；6、熟练掌握LNMP开发，具有良好的编码风格，结构清晰、命名规范、逻辑性强、代码冗余率低；7、有良好的沟通、协调、组织和团队建设能力，责任心强。,其他,500-2000人,php,成都
高级PHP开发工程师,https://www.lagou.com/jobs/7082290.html,高新区,15k-25k,深圳街电科技有限公司,3-5年,本科,发展前景好，福利待遇优,"工作职责:1、负责公司基础产品的设计与开发工作，完成产品需求；2、与各技术人员紧密合作，完成工作任务；3、与产品经理配合，实现需求功能，并为产品运营提供支持；4、遵循公司研发规范，快速迭代需求；5、分析和快速排查定位解决线上问题，保障系统功能的稳定性。任职资格：1、计算机或相关专业本科以上学历，有扎实的计算机编程理论基础；2、精通PHP语言，良好的编码习惯，对代码质量有较高要求；4、熟练使用Git，Hg等版本控制工具；5、熟悉Linux操作系统，了解Linux的常用命令和基本服务器运维；6、熟悉redis、memcached等NoSQL技术,有Hadoop开发经验优先;7、熟悉Golang语言优先；8、参与大型项目开发或有独立项目开发经验优先；9、自我驱动，对产品有热情，有强烈的求知欲和进取心，抗压能力强。","消费生活,汽车丨出行",500-2000人,php,成都
php开发工程师,https://www.lagou.com/jobs/7010888.html,高新区,10k-15k,成都合和盈创科技有限公司,3-5年,本科,13薪 超棒工作氛围,岗位职责：1． 负责主导/参与项目的架构设计、技术选型、架构原型实现以及服务端核心模块的开发工作；2． 负责完成服务端核心代码，接口开发，输出相关的规范化技术文档；3． 负责独立完成产品需求，对突发性问题能够及时追踪、定位和解决；4． 负责优化现有系统，提升运作性能，提高产品的可用性和易用性；5． 负责配合测试人员进行产品的功能及性能测试；6． 参与产品上线后的日常维护、升级迭代。任职要求：1. 统招本科及以上学历，计算机相关专业，3年及以上PHP开发工作经验，有高并发、高负载项目实践经验者优先；2. 熟练使用PHP主流框架，如Yii2、Laravel，有Swoole、Hyperf等异步框架使用经验者优先；3. 熟练MySQL数据库应用开发，认识索引应用和优化，对性能优化、主从同步有较深入的认识，具有独立排查数据库性能问题的能力者优先；4. 熟练使用分布式缓存，如Memcached、Redis、MongoDB等技术；5. 熟练使用分布式消息队列RabbitMQ、Kafka等；6. 了解Linux操作系统及相关网络技术与原理，熟悉Linux下的基础操作及脚本编写；7. 具备优秀的团队合作精神，有良好的组织协调能力，对待工作积极主动，抗压能力强，进取心强；8. 有电商、SaaS项目经验者优先。年底奖金分红 不定期项目奖金  产出多多 奖励多多免费零食畅心吃  周周搞出新花样超nice团队小伙伴， 等你来撩~我们，  严肃可爱  、幽默认真！The world is coming for you,软件开发、电商,15-50人,php,成都
php后端,https://www.lagou.com/jobs/7217213.html,武侯区,6k-8k,成都智慧联创科技有限公司,3-5年,本科,老板亲和，员工氛围好，都是小哥哥小姐姐。,因本公司业务发展需要，现向社会招聘PHP工程师数名。技能要求：1、PHP，MySQL，数据库，内核开发工作内容：2、软件 网站开发、系统开发；3、按照项目管理流程，参与研发部门的总体设计评审；4、进行详细设计、代码开发，配合测试，高质量完成项目；5、参与技术难题攻关、组织技术积累等工作职位要求：1、2~3年开发经验，有企业级应用开发经验；2、2.对后台代码有基本了解PHP，JAVA，c语言等，且能使用其中一种语言(最好是php)。3、熟练调用各种API接口：如支付api，天气api，快递api等。4、有良好的代码书写、注释和单元测试习惯，熟练运用多种软件设计模式；5、具备良好的沟通合作技巧，较强的责任心及团队合作精神。ps：有丰富的外包经验者优先，尤其会各种商城二开。,软件开发,15-50人,php,成都
php开发工程师,https://www.lagou.com/jobs/5153583.html,金牛区,3k-5k,成都安牛科技有限公司,1年以下,不限,发展前景比较可观,php初级程序员，可以接受实习生，需要钻研精神，欢迎加入我们这个年轻的团队~！ 我们需要你~！ 需要懂这些，html css js thinkphp api 岗位职责 php程序员中级 1、负责网站应用的后台设计与开发； 2、负责后台数据库的设计和管理； 3、负责公司网站优化升级； 4、负责公司网站的附加功能开发，为运营部门提供技术支持。 5，学历不限，任职要求 1、具有半年年或以上的PHP编程经验，可独立编写程序，代码编写规范。 2、可进行主流开源程序的二次开发、模板改进和系统重构 3、熟悉移动数据接口、微信平台开发经验者优先考虑。 4、了解XML、HTML/XHTML、CSS、Javascript、AJAX、JSON等Web页面技术； 5、熟悉服务器，数据库，MySQL。tp框架 6、有钻研精神，抗压能力强。 7、应聘时请务必提供个人作品。（负责过的产品）,"移动互联网,企业服务",少于15人,php,成都
php开发工程师,https://www.lagou.com/jobs/6905420.html,高新区,3k-6k,成都思而科软件有限公司,应届毕业生,不限,"五险一金,弹性工作时,带薪年假",岗位职责：根据项目的需求，完成电子商务网站后台开发工作；任职要求：1、计算机科学、软件工程、信息工程等计算机相关专业本科学历；2、良好的沟通和学习能力，逻辑思维能力较强；3、热爱互联网行业，对编程开发有强烈的兴趣。,电商,50-150人,php,成都
php架构师,https://www.lagou.com/jobs/6390503.html,武侯区,18k-25k,成都心田花开科技有限公司,5-10年,本科,晋升空间大；优秀而有活力的团队,【岗位职责】1. 负责核心业务的服务端开发工作，对现有系统进行重构；2. 系统需求分析与设计，制定接口规范并完成核心功能PHP代码实现；3. 参与技术方案选型，包括框架选型，缓存模型设计以及线上运维；4. 关注产品体验和用户数据，能够抽象为技术方案；5.带领团队进行技术攻关。   【任职要求】11.本科 5 年以上服务端开发经验；2.掌握 PHP 语言，熟悉 PHP 主流框架，如 Laravel 、Yii等；对OOP有较为深入的认识，掌握常用设计模式；3.熟悉 Memcache，Redis，Mongodb 等常用 NoSQL解决方案，了解各自的优缺点及使用场景；4.熟悉 MySQL 数据库，掌握 MySQL 索引优化、查询优化和存储优化；5.掌握至少一种常用的消息队列中间件 RabbitMQ、RocketMQ、Nsq、Kafka，并能够设计出可靠的消息服务；6.有大型网站开发经验以及高并发系统设计和开发相关经验（架构设计、缓存设计、数据迁移与同步、一致性方案等）；7.具有丰富的系统重构与代码审查经验者优先。    月薪：18k-25k要求：往届生，有经验,教育,500-2000人,php,成都
php开发工程师,https://www.lagou.com/jobs/7198644.html,武侯区,5k-8k,成都恒速科技有限公司,1-3年,本科,地铁口，福利好，成长快,1、参与软件产品的需求分析、概要设计、编码等工作；负责公司产品的开发以及之前项目维护工作；2、根据开发进度和任务分配，完成相应模块软件的设计、开发、编程任务；3、性能优化，包括代码优化，数据库优化；4、能够独立解决项目开发过程中的技术问题。任职要求：1、软件开发或计算机等相关专业统招大学本科及以上学历，两年以上开发经验，有独立完整项目开发经验，能力突出者可放宽；2、熟练使用Laravel框架，熟悉主流框架；3、能熟练操作MYSQL，LINUX；4、有良好的代码习惯，要求结构清晰，命名规范，逻辑性强，代码冗余率低。,"移动互联网,社交",15-50人,php,成都
PHP开发工程师,https://www.lagou.com/jobs/6570120.html,高新区,8k-10k,北京奇艺世纪科技有限公司,1-3年,本科,发展前景,"岗位职责：1、游戏BI后台的开发和维护;2、负责项目API接口开发及其功能实现； 3、提出系统建设的改进意见和需求，解决开发过程中的技术问题； 4、负责分析系统的功能与性能需求，不断补充优化和提高的系统品质；5、配合项目的整体计划和安排，并对质量负责； 6、 确保程序安全、稳定；任职要求：1、本科及以上学历，计算机及相关专业；2、有3年以上php开发经验,精通php开发；3、熟悉Linux操作系统，能够使用常用的Linux命令完成日常工作；4、熟悉php＋mysql程序设计及开发，拥有良好的代码习惯；5、具备规范化开发设计文档编写能力；6、熟悉Javascript语言和HTML语言、熟悉HTTP协议及W3C相关互联网规范；7、熟悉Tp5优先；8、高度责任心和进取心，有团队协作精神.温馨提醒：  如果7天内您没有收到爱奇艺的面试邀请，那么目前我们不会安排您参加后续的面试环节，感谢您的理解和对爱奇艺的关注与认可。",文娱丨内容,2000人以上,php,成都
php后端,https://www.lagou.com/jobs/6230748.html,锦江区,7k-8k,成都优享佳科技有限公司,1-3年,大专,年轻的团队，氛围好,主要负责开发小程序、公众号、网站、H5、App项目开发熟悉电商小程序公众号商城开发，熟悉TP5框架开发有项目二开经验最好，熟悉微擎最好能快速熟悉公司框架，,软件开发,少于15人,php,成都
PHP开发工程师,https://www.lagou.com/jobs/5219076.html,高新区,4k-8k,成都锐萌软件开发有限公司,1-3年,不限,"不加班,氛围好,经常团聚",1、根据开发进度和任务分配，完成相应模块软件的设计、开发、编程任务； 2、对所编写的PHP程序进行严格的综合测试，进行系统故障的诊断、定位、分析和调试，以实施产品测试方案； 3、在上级的领导和监督下定期完成量化的工作要求； 4、编写系统文档以及实施系统文档计划，管理相关文档； 5、向协调部门提供系统的后期技术支持。 任职要求： 1、计算机相关专业专科以上学历； 2、1年以上PHP/MYSQL/Apache开发经验，具有良好的编程风格； 3、有过微信公众号、小程序开发者优先；4、有开发过大中型互联网站经验者优先； 5、逻辑思维能力强，做事有条理性，有较强的分析问题和解决问题的能力； 6、对软件开发工作有富有热情，责任心强，良好的沟通能力与团队合作精神； 7、良好的执行能力，较好的完成预定任务，良好的学习能力和独立解决问题的能力 8，熟悉HTML5项目技术编写,"移动互联网,电商",15-50人,php,成都
PHP（Word Press）开发工程师,https://www.lagou.com/jobs/5384422.html,高新区,11k-18k,北京世联互动网络有限公司成都分公司,3-5年,本科,上市公司 外企文化 技术氛围浓,"【岗位职责】：• 负责网站平台相关业务模块的分析、设计和编码；• 参与网站产品的技术架构设计，完成公司网站产品的功能模块  编码；• 参与各项目中的编码工作，相关开发文档的整理与编写。【岗位要求】：• 统招本科及以上学历，计算机及相关专业，3年以上开发经  验；• 精通PHP开发，至少精通一门PHP框架，如Laravel、   ThinkPHP等；• 有网站建站及后端维护经验• 熟悉wordpress或drupal, Joomla等CMS后台系统，熟悉  woocommerce插件• 熟悉MySQL数据库配置管理、性能优化等基本操作、技能;• 熟悉memcache、redis等缓存机制，了解后端性能优化；• 熟练掌握前端开发的关键技术，例如：HTML5, CSS3,    JavaScript, JQuery，NodeJS，React等.","移动互联网,社交",2000人以上,php,成都
PHP高级开发工程师,https://www.lagou.com/jobs/5023033.html,成华区,10k-15k,马来西亚东南亚玩家商城股份有限公司成都代表处,3-5年,本科,"六险一金,带薪年假,周末双休,节日福利","【岗位职责】1、负责新功能模块的设计、开发、测试并顺利上线；2、负责网站运行的日常维护及功能的完善和二次开发；3、负责项目结构和代码优化，保证项目质量；4、参与项目相关规范制定，详细文档编写和维护；5、参与技术难题攻克，新技术学习和分享；6、配合部门主管完成相关任务目标。【岗位要求】1、本科及以上学历，计算机及相关专业；2、有3年以上php开发经验,精通php开发；3、熟悉Linux操作系统，能够使用常用的Linux命令完成日常工作；4、熟悉php＋mysql程序设计及开发，拥有良好的代码习惯；5、具备规范化开发设计文档编写能力；6、熟悉Javascript语言和HTML语言、熟悉HTTP协议及W3C相关互联网规范；7、熟悉Linux操作系统、shell脚本等各项服务应用配置；8、有API开发工作经验优先；9、高度责任心和进取心，有团队协作精神。工作地点：成都市成华区","移动互联网,电商",50-150人,php,成都
php 开发工程师,https://www.lagou.com/jobs/6834735.html,高新区,8k-15k,新疆维吾尔自治区广播电视研究所,1-3年,本科,五险一金 周末双休 地铁周边 扁平化管理,"岗位职责：1、负责PHP系统程序开发，需求实现；2、基于php、mysql,html、css、javascript等语言完成功能开发；3、保持高效的前端性能，优秀的代码可维护性，良好的浏览器兼容性；4、优化移动互联网应用前端性能，搭建高流量应用架构，能够对MySQL、Redis、Nginx等应用进行优化。5、与其他同事共享开发经验，优化产品的功能和性能。   任职要求：1、全日制本科及以上学历，2年以上PHP项目工作经验，有大型互联网公司任职经历优先考虑；2、 精通php+mysql程序设计及开发，拥有良好的代码习惯，要求结构清晰，命名规范，逻辑性强，代码冗余率低；3、精通LNMP环境下Web开发，对PHP有深入的理解；5、具有mysql索引优化、查询优化和存储优化经验和意识；5、掌握软件工程相关知识技能，具体研发流程设计及优化能力；6、有良好的沟通协调和组织能力，有团队管理经验优先；7、有直播、电商、视频媒体行业经验者优先。",其他,150-500人,php,成都
PHP技术主管,https://www.lagou.com/jobs/6220573.html,郫县,15k-25k,成都环宇知了科技有限公司,3-5年,本科,生日福利、培训福利、过节福利、法定节假日,一、工作职责：1、 负责项目的功能分析、任务分配、进度跟踪、过程质量控制，确保项目按时保质保量完成；2、 负责项目代码的模块化管理，建立、维护和更新项目程序开发标准和规范，并执行实施；3、 负责技术团队的建设、培养和管理，提升团队的工作质量、效率和技术能力，构建稳定、高效的技术研发团队；4、 负责服务器的集群管理与维护；二、任职要求1、 5年以上PHP开发工作经验，2年以上团队管理经验，有大型系统软件开发经验优先；2、 熟悉常用的thinkphp、onethink框架，使用过swoole、workman等异步框架尤佳3、 熟悉使用jquery、Bootstrap、vue等相关前端技术；4、 数据结构、算法分析功底扎实，良好代码规范习惯；5、 精通服务器配置安全知识，能够独立完成服务器部署；6、 具备团队领导、沟通协调、计划执行等管理潜力，能承受较大工作压力；7、 有大型数据库设计、高并发、缓存机制、性能优化相关经验者优先三、工作地点成都市郫都区天辰路88号电子科技大学西区科技园1号楼7楼。（距地铁2号线百草路站A口步行500米左右）,"电商,教育",500-2000人,php,成都
php开发工程师,https://www.lagou.com/jobs/6282509.html,武侯区,8k-12k,四川汪之滨电子商务有限公司,3-5年,大专,五险一金，周末双休，行政班,"岗位职责：1、根据产品和运营需求，进行系统需求分析；2、处理日常发现的问题，配合各部门需求完成系统流程优化工作；3、与团队其他角色紧密配合工作，共同创造稳定易用的产品。任职要求：1、两年以上web后端开发经验，扎实的PHP开发基础2、熟练使用 MySQL，具有较好的数据库设计能力；3、熟悉使用html、css、javascript,能编写基本的css和js样式；4、熟悉Laravel 5.x开发框架；5、熟练运用git进行版本控制，熟悉linux常用操作命令6、良好的解决问题能力和团队执行力。7、有电商系统开发经验、GO语言开发经验优先。薪资待遇：7K-15K+五险+商业保险+茶歇+各种员工福利工作时间：9：30—18：30，周末双休，节假日正常休息","移动互联网,电商",50-150人,php,成都
php技术主管,https://www.lagou.com/jobs/6166898.html,郫县,18k-25k,成都环宇知了科技有限公司,3-5年,本科,五险一金，带薪年假，生日福利，年终奖金等,岗位职责：1、 负责项目的功能分析、任务分配、进度跟踪、过程质量控制，确保项目按时保质保量完成；2、 负责项目代码的模块化管理，建立、维护和更新项目程序开发标准和规范，并执行实施；3、 负责技术团队的建设、培养和管理，提升团队的工作质量、效率和技术能力，构建稳定、高效的技术研发团队；4、 负责服务器的集群管理与维护；任职要求：1、 本科以上学历，5年以上PHP开发工作经验，2年以上团队管理经验，有大型系统软件开发经验优先；2、 熟悉常用的thinkphp、onethink框架，使用过swoole、workman等异步框架尤佳3、 熟悉使用jquery、Bootstrap、vue等相关前端技术；4、 数据结构、算法分析功底扎实，良好代码规范习惯；5、 精通服务器配置安全知识，能够独立完成服务器部署；6、 具备团队领导、沟通协调、计划执行等管理潜力，能承受较大工作压力；7、 有大型数据库设计、高并发、缓存机制、性能优化相关经验者优先,"电商,教育",500-2000人,php,成都
中级php工程师,https://www.lagou.com/jobs/6252311.html,高新区,8k-11k,成都小蟾科技有限公司,1-3年,大专,节日福利、带薪年假等,【岗位职责】：1.负责网站前后台后端开发。2.负责插件接口开发。3.负责网站及插件日常维护。 【任职资格】：  1.熟练掌握PHP，熟悉YII，有YII项目经验。2.熟悉redis。有使用redis作为缓存和队列的经验3.熟悉mysql，能熟练编写SQL，了解SQL优化。4.有mongo使用经验。5.熟悉elasticsearch。有elasticsearch实践经验6.熟悉git以及docker。7.具备电商/社交/CMS项目经验。8.具备较强的OOP思维。9.踏实上进，具备较强的自学能力。,"电商,移动互联网",150-500人,php,成都
高级php工程师,https://www.lagou.com/jobs/5718102.html,高新区,10k-15k,成都小蟾科技有限公司,5-10年,本科,节日福利、带薪年假等,【岗位职责】：1.负责后端架构设计。2.负责网站前后台后端开发。3.负责插件接口开发。4.负责网站及插件日常维护。 【任职资格】：  1.熟练掌握PHP，熟悉YII，有YII项目经验。2.具备架构设计能力，具备架构设计经验。3.熟悉redis。有使用redis作为缓存和队列的经验4.熟悉mysql，能熟练编写SQL，了解SQL优化。5.有mongo使用经验。6.熟悉elasticsearch。有elasticsearch实践经验7.熟悉git以及docker。8.具备电商/社交/CMS项目经验。9.具备较强的OOP思维。10.踏实上进，具备较强的自学能力。,"电商,移动互联网",150-500人,php,成都
php高级开发工程师,https://www.lagou.com/jobs/7183432.html,高新区,10k-15k,成都游海游信息科技有限公司,3-5年,本科,五险一金 周末双休 带薪年假,"岗位职责：1. 负责完成服务端核心代码，接口开发，输出相关的规范化技术文档；2. 负责完成产品需求，对突发性问题能够及时追踪、定位和解决；3. 负责优化现有系统，提升运作性能，提高产品的可用性和易用性；4. 负责配合测试人员进行产品的功能及性能测试；5. 参与产品上线后的日常维护、升级迭代。 任职要求：1. 计算机相关专业统招本科及以上学历；2. 有3年以上 PHP开发经验,精通 PHP开发，熟悉 PHP 主流框架；3. 熟悉redis，有使用redis作为缓存和队列的经验;4. 熟悉mysql，能熟练编写SQL，了解SQL优化;5. 有mongo使用经验;6. 熟悉elasticsearch,有elasticsearch实践经验;7. 熟悉git以及docker;8. 具备电商/社交项目经验;具备较强的分析问题和解决问题的能力。",电商,15-50人,php,成都
初级PHP研发工程师,https://www.lagou.com/jobs/7183180.html,武侯区,4k-8k,成都心田花开科技有限公司,1-3年,大专,晋升空间大；优秀而有活力的团队,【岗位职责】1、根据设计文档、需求说明、系统原型完成功能业务代码的实现。2、分析并解决开发过程中的问题。3、在上级指导下对公司的开发框架进行优化。4、配合技术经理完成相关任务目标。【任职要求】1、 有一年以上PHP的以大型网站实际开发经验，能在此基础上根据实际需要开发各种功能；有面向对象开发思想与经验优先；2、掌握一种或多种MVC框架（lumen，laravel优先），对MVC有深刻的理解和实际项目实施经验； 3、 掌握mysql数据库、熟悉索引优化、查询优化和存储优化经验。4、 具有较强的团队协作能力，善于沟通，能与不同性格和背景的人共同协作并且有较强的自我学习能力。,教育,500-2000人,php,成都
PHP开发工程师（社交APP）,https://www.lagou.com/jobs/6245698.html,武侯区,10k-16k,四川盛趣时代网络科技有限公司,5-10年,大专,"六险一金,周末双休,朝十晚六,节日福利","工作内容:1.参与平台类项目后端相关接口以及业务逻辑的开发;2.参与业务需求相应的技术规格和流程逻辑等文档的编写;3.负责新功能的开发及现有功能的维护;4.参与平台类项目社区、数据统计的迭代;5.参与服务器后端架构的优化改进，保证系统高效稳定可靠运行;职位要求:1.三年及以上PHP开发经验，计算机相关专业,熟悉MVC开发模式和常用的PHP开发框架，对新框架能够快速使用，了解设计模式;2.具备良好的编程风格，掌握版本管理工具，有良好的沟通能力和团队合作能力、抗压能力强，工作积极主动、认真负责;3.熟悉数据库的设计、使用和优化,能够熟练应用MySQL、Redis、 MongoDB等, 有分布式数据库使用和设计经验的优先考虑；4.熟练掌握PHP并发编程、网络编程等基础知识，熟悉Linux环境下的日常开发和调试,有过PHP+Swoole网络编程经验的优先考虑；5.熟悉PHP-Swoole框架，了解进程、协程。6.具备较强的业务理解及业务抽象能力，开发设计可扩展、可复用、高性能的服务架构,有过PHP开发IM聊天系统的优先考虑；7.了解Web前端技术HTML，CSS，JavaScript;8.熟悉分布式系统原理、微服务、消息队列、缓存、容器等技术者优先考虑；","移动互联网,电商",150-500人,php,成都
初级PHP,https://www.lagou.com/jobs/6857743.html,高新区,6k-10k,成都思而科软件有限公司,1年以下,本科,"五险一金,弹性工作时,带薪年假","岗位职责：1、负责电商网站、后台管理系统的开发,维护,优化；2、根据需求文档或需求说明完成代码编写，调试；3、负责公司现有项目功能的维护、新功能的研发。任职要求： 1、本科学历、计算机相关专业，1年以上PHP开发上工作经验；2、精通PHP+MySQL开发，有良好文档编写能力和编程风格； 3、熟悉JavaScript、jQuery、CSS、Html/Html5； 4、熟悉MVC开发模式，OOP编程思想，掌握一种以上MVC框架；5、熟悉 Linux 操作系统，熟练使用常用的Linux命令；6、熟悉电商网站业务流程，有大型电商网站开发经验优先；7、重点院校毕业，英语读写流利者优秀。",电商,50-150人,php,成都
php后端开发师,https://www.lagou.com/jobs/6761935.html,高新区,8k-12k,成都斯达领科网络科技有限公司,3-5年,本科,入职购买五险一金、下午茶、透明晋升,岗位职责：1.负责系统服务化功能模块的开发；2.遵守团队的代码规范，编写易读、易维护、高质量、高效率的代码；  3.改进现有服务的质量和可用率；  4.采用新技术、新的设计模式优化服务质量； 5.参与核心服务模块的设计和开发。   岗位要求：   1.计算机相关专业本科以上学历，3年及以上的PHP开发经验； 2.计算机理论基础扎实，熟悉基本的数据结构、算法、计算机体系结构；3.熟练使用JS，bootstrap，熟悉Yii／laravel等框架优先4.熟悉Mysql／Mogondb，擅长查询优化；5.能够熟练使用linux；6.熟练使用分布式缓存，Redis、Memcached等；7.有大数据、高并发、高可用分布式服务的设计和开发经验优先；   8.善于沟通，工作认真细致。,"电商,物联网",50-150人,php,成都
php工程师 后端开发,https://www.lagou.com/jobs/7050591.html,高新区,9k-13k,成都掌链科技有限公司,3-5年,大专,五险一金 节日福利 下午茶 生日福利,职位描述：1、协同完成网站产品的技术架构设计；2、独立完成公司网站产品的功能模块编码；3、负责网络平台相关业务模块的分析、设计以及目前接口开发；4、相关开发文档的整理与编写；5、配合项目经理完成相关任务目标；任职资格：1、精通PHP；2、熟悉mysql、mongodb、redis等；3、了解数据库优化，能够写出高质量的SQL语句；4、沟通能力强，富于团队精神和敬业精神，能承受工作压力5. 具备很强的责任心和良好的沟通能力，良好的个人品行和团队合作精神，能够承受大负荷的工作压力。具备主人翁精神，愿意通过自身的努力与公司共同成长；,"软件开发,区块链",15-50人,php,成都
php开发工程师（应届生）,https://www.lagou.com/jobs/7162070.html,高新区,3k-5k,新疆维吾尔自治区广播电视研究所,应届毕业生,本科,五险一金 周末双休 地铁周边 扁平化管理,"职位描述：1.     掌握php、mysql,html、css、javascript等语言2.     数据结构与数据库基础知识扎实，3.     保持有效的前端性能，优秀的代码可维护性，良好的浏览器兼容性4.     根据项目的需求，完成后台开发工作；任职要求：1、全日制本科学历，2020届优秀应届生优先，计算机科学、软件工程、信息工程等计算机相关专业2、具有较强的学习和独立分析能力、有责任心、具备良好的沟通能力和团体合作精神；3、 熟练php+mysql程序设计及开发，拥有良好的代码习惯，4、熟悉LNMP环境下Web开发，对PHP有深入的理解；5、能用mysql索引优化、查询优化和存储优化的意识；6、掌握软件工程相关知识技能，具体研发流程设计及优化能力；",其他,150-500人,php,成都
PHP实习生,https://www.lagou.com/jobs/5807288.html,双流县,3k-6k,湖南快拍科技有限公司,应届毕业生,本科,灵活用工 按量付薪,公司决定将业务系统中部分双非模块（非核心非紧急）通过远程兼职实习的方式实现。一旦通过面试可长期合作。职位申请条件：1、熟悉 LAMP 架构2、熟练使用 Git 进行协同开发3、熟悉微信服务号以及小程序的开发4、熟练使用 Swoole 开发 TCP 通信服务器职位申请流程：1、具备上述技能的小伙伴需要完成在线 “技术认证”，微信搜索公众号 “码农印记”，关注后请参考菜单栏中的相关内容完成相关技术认证。2、完成技术认证后，方可获得面试机会。,"移动互联网,社交",少于15人,php,成都
中级PHP研发工程师,https://www.lagou.com/jobs/1734258.html,青羊区,5k-8k,成都链商科技有限公司,1-3年,大专,周末双休、氛围好、年终奖、绩效奖励,岗位职责：1、负责企业管理系统的开发及管理工作，涉及PC后台及微信小程序端；2、对现有系统重构，对现有底层代码优化和完善以满足产品新版本的发布需求；3、在开发中发现存在的问题，积极参与产品、功能与技术架构的改进；4、有商城后台开发、企业管理软件开发经验优先 任职要求：1、精通PHP，熟悉yii框架 ，能够独立编写中等规模PHP应用程序；2、精通mysql，有数据库整体设计，SQL性能调优等能力；3、熟悉XML、ajax、JQuery和Div+CSS等主流技术及结构；4、须拥有良好的代码编写习惯，要求结构清晰，命名规范，逻辑性强；5、责任心强、工作细心，具有良好的沟通、协作能力和团队合作意识，有较强的抗压能力；6、有较强的逻辑思维和学习能力，具有对新技术、新知识、新领域的学习热情；我们期待能一路前行的你！,"移动互联网,消费生活",15-50人,php,成都
高级PHP工程师,https://www.lagou.com/jobs/6785400.html,高新区,10k-15k,成都华文科技有限公司,1-3年,本科,朝九晚六、前景行业、扁平化管理、年轻团队,"职位核心：具有独立思考能力、高度开发热情、对技术研发有**追求、GeeK精神岗位职责：1、负责智能场馆的SaaS平台，智能硬件模块的开发、编写与维护以及文档的整理；2、负责平台、软件运行的日常维护及功能的完善和二次开发；3、负责数据库的应用开发与管理维护，协调数据库设计，保证符合数据库设计规范和性能需求；4、 负责公司旗下项目现有功能的维护、新功能的研发；5、负责与公司平台项目负责人进行数据对接以及数据整合。任职要求：1、两年以上开发工程师经验，熟练掌握PHP，熟悉thinkphp、laravel等常用框架；2、熟练掌握html、Javascript、CSS、vue等前端语言编程；3、熟悉Python常用web框架（如Django，Flask等）经验，能够根据业务独立设计合理的数据模型。4、熟悉mysql、redis、mongodb等常用数据库，熟悉和掌握源代码管理软件（GIT优先）；5、精通MySQL等关系型数据库应用系统设计及优化熟悉linux，熟悉存储引擎及存储过程, 熟悉数据库部署和调优；6、具有Linux上的开发经验，能够编写常用和基本的Shell脚本；7、熟练运用PHP、mysql，至少熟悉一种MVC框架，如thinkPHP，CI，Yii等，研究过源码,对OOP有较为深入的认识，掌握常用设计模式；8、高度的责任心以及良好团队合作精神，有高并发后端开发和海量数据处理经验；9、有NoSQL项目开发经验，有敏捷或流行软件开发流程的经验；10、良好的文档书写能力和代码注释习惯，对代码整洁度、可维护性有较高追求；11、熟悉各大数据平台业务流程，有医疗健康（运动健身）大数据平台开发者优先;12、有大数据平台类、客户端类开发项目者优先。薪酬福利：1、正式员工享受五险以及补充险，享受国家法定节假日及员工带薪年假；2、享受生日好礼、过节补贴等多项福利；3、员工聚餐、节日晚会及不定期拓展训练等；4、提供多种带薪培训（包括岗前培训、衔接培训、管理能力培训等专业培训）和广阔的职业发展空间；5、创业型公司，极具自由的思维创造空间。",移动互联网,15-50人,php,成都
PHP,https://www.lagou.com/jobs/1671951.html,高新区,6k-10k,成都义幻医疗科技有限公司,1-3年,本科,五险一金、员工旅游、餐饮补贴、年终奖,职位描述:1、负责PHP程序的设计及编码 ；2、负责撰写所属模块的开发文档 ；3、负责PHP代码优化；4、主动并具有创新性工作热情，具备独立完成后台开发能力。任职资格1、专科或专科以上学历，计算机相关专业者优先；2、2年以上使用PHP的开发经验，熟练使用PHP、ThinkPHP、MySQL进行Web系统开发；3、熟练使用CSS、HTML、XML、JavaScript、Ajax、JSON等相关技术；4、熟悉SQL操作，熟悉Mysql数据库，对PHP缓存技术有一定了解；5、程序代码规范，撰写相关的开发技术文档。,"移动互联网,医疗丨健康",50-150人,php,成都
高级php研发工程师,https://www.lagou.com/jobs/6634167.html,高新区,10k-18k,成都中科慧源科技有限公司,3-5年,本科,专业提升，岗位晋升,"岗位职责：
 负责服务端的性能优化改造和后台系统拆分升级；
 负责 App，Web 项目后端的API 数据接口开发及维护；
 参与公司项目、平台整体设计并负责完成核心代码研发：
任职要求：1.全日制本科及以上学历，三年以上php后端开发工作经验，具有良好的编码风格，有较强的独立工作能力和团队合作精神;2.了解 Laravel/ThinkPHP 等主流框架和技术栈，对其中至少一种框架有较好的经验和理解能力;3.熟悉Mysql、Redis的应用及优化，对SQL优化有一定经验;4.熟悉socket编程，或者了解使用过 Workerman 进行 socket 通讯的开发;5.熟悉Linux和常见Linux命令，熟悉网络协议如HTTP、UDP、TCP/IP;6.能独立开发、部署、维护系统环境；7.有大型网站或高并发条件下的开发和架构设计经验者优先；","企业服务,数据服务",150-500人,php,成都
中高级php开发工程师,https://www.lagou.com/jobs/7016180.html,高新区,8k-15k,成都悦来生活科技有限公司,3-5年,本科,"五险一金,年终奖，领导nice",岗位职责：1、根据设计文档或需求说明完成代码编写，调试，测试和维护；2、项目的日常管理及功能的完善和二次开发；3、分析并解决项目开发过程中的问题；4、进行详细设计、代码开发，配合测试，高质量完成项目；5、配合上级完成相关任务目标；  岗位要求：1、大专及以上学历，3年及以上PHP开发经验，有CMS开发经验优先；2、精通Linux、Apache、Redis等搭建、设置及调优；3、熟练运用PHP、Mysql，精通MVC框架，对OOP有较深认识，掌握常用设计模式；了解resetful。4、至少熟悉一种 PHP 开源程序的二次开发（ThinkCMF、EmpireCMS/wordpress/ecshop等）；5、熟悉SVN、GIT版本管理工具的使用。6、有微信公众平台、小程序开发流程，熟悉微信接口开发；7、熟悉敏捷开发，devops，ci/cd，pipeline等项目管理及运维模式优先。,移动互联网 生活服务,15-50人,php,成都
php架构师,https://www.lagou.com/jobs/7177190.html,高新区,12k-18k,成都悦来生活科技有限公司,5-10年,本科,餐补、交补、通讯补、社保公积金、下午茶,岗位职责： 1、 根据设计文档或需求说明完成代码编写，调试，测试和维护；2、项目的日常管理及功能的完善和二次开发； 3、分析并解决项目开发过程中的问题； 4、进行详细设计、代码开发，配合测试，高质量完成项目； 5、配合上级完成相关任务目标岗位要求： 1.	3年及以上PHP/LNMP开发经验，统招本科以上学历。 2. 精通PHP语言、熟练运用至少一门PHP框架，如ThinkPHP5，Laravel，Yii，swoole等框架，熟悉 MySQL 数据库，掌握 MySQL 索引优化、查询优化和存储优化。了解后端性能优化。 3. 熟悉Memcache、Redis等分布式缓存机制。 4. 熟练使用分布式消息队列RabbitMQ、Kafka等。 5. 熟悉Git、Composer使用，了解docker等容器技术 6. 有较强的技术能力，熟悉流行的技术组件和开源项目，框架的适用场景和基本原理，能解决这些组件框架在高并发环境下的各种问题 7. 熟悉分布式、多线程及高性能的设计与编码及性能调优(架构设计、缓存设计、一致性方案) 8. 拥有良好的代码书写、注释和单元测试习惯，要求结构清晰，命名规范，逻辑性强，代码冗余率低 9. 具备良好的团队合作能力，抗压能力，善于沟通，乐观开朗，有责任心 10. 自我驱动，对产品有热情，有强烈的求知欲和进取心，抗压能力强 11. 熟悉Golang语言，熟悉go-micro优先。熟悉敏捷开发，devops，ci/cd，pipeline等项目管理及运维模式优先。,移动互联网 生活服务,15-50人,php,成都
高级php,https://www.lagou.com/jobs/7043436.html,锦江区,15k-20k,北京鱼爪网络科技有限公司成都分公司,3-5年,大专,高薪 福利好财大气粗晋升公平交通便利,"不管Java是否看得起您，可PHP依旧是世界上最美丽的语言，而你肯定如下优秀：1.你可以是个惜字如金的程序员，但吐字必须如金，沟通无障碍哟2.互联网五年以上研发经验，有大量大型互联网平台架设经验佳；3.熟悉php，熟悉yii2,Laravel5等当前主流web框架，熟悉框架底层源码佳；4.熟悉swoole扩展、熟悉pcntl扩展，熟悉linux及linux下多进程、多线程并发编程；5.熟悉互联网常用网络协议tcp/udp、http、socket等；6.熟悉mysql/mongodb等数据库，有数据库分布式架构经验佳；熟悉git等常用版本管理工具；7.有分布式平台架构、微服务架构经验，熟悉rabbitmq、kafka等消息中间件；8.熟悉go/java/python等一门或多门语言者佳；9.计算机相关专业，计算机基础知识扎实，有带领团队经验佳；我们能给你：1.超万平的写字楼，知道5A级景区不？比那还好，而且免门票2.青春活力的作战团队，上班一起写代码，下班还是一起写代码，不，吃鸡3.财大气粗就是要和你谈钱的老板。4.福利太多，脑洞都不够用了！须有一定社会工作经验！再沉默寡言，再不会表达，在家都憋不住了吧，那面基呐，奔现看脸的那种。（要戴口罩，哈哈）","移动互联网,电商",2000人以上,php,成都
淘宝客接口PHP开发工程师,https://www.lagou.com/jobs/6742315.html,武侯区,9k-14k,四川晓可科技有限公司,3-5年,大专,周末双休 提供餐食 弹性上下班,职位信息1、负责平台同淘宝客，京东，拼多多等平台的联盟api模块（商城）的开发工作；2、根据开发需求，完成后端功能模块的代码编写，并撰写相关开发技术api文档；3、编写单元测试代码，并参与测试；4、能够发现现有系统架构，研发流程中存在的问题，并提出改进建议；5、分析后台统计数据，不断提升产品体验；6、完成领导分配的其它后端开发任务。 任职要求：1、计算机相关专业专科及以上学历，三年以上PHP开发经验；1、有开发淘宝客接口，京东，拼多多等联盟api接口的经验；2、精通MySQL，sql优化；3、熟悉linux操作系统、NGINX调优、PHP调优、安全配置；4、精通使用thinkphp.,"移动互联网,电商",50-150人,php,成都
php开发工程师,https://www.lagou.com/jobs/6727290.html,高新区,8k-12k,四川金熊猫新媒体有限公司,1-3年,本科,高低温、餐、交、话补等，各类福利及年终奖,岗位职责：1. 负责PC端和移动端后台开发、数据库结构设计和系统优化；2. 根据项目需求，能够独立按时完成项目开发任务；3. 负责公司线上产品的开发、维护及BUG的修复工作；4. 积极学习前瞻性技术研究，解决工作中的技术难题。任职要求：1. 全日制本科及以上学历，计算机、软件工程、IT相关专业；2. 2年以上PHP开发经验，熟悉流行的PHP开发框架；3. 精通PHP语言，精通Javascript，熟练使用Jquery、Ajax，熟悉 HTML/CSS等 Web开发相关技术；4. 了解多线程、异步并发处理；5. 熟悉Apache、Nginx等Web服务器的配置及优化，可以独立配置网络应用环境；6. 熟悉MySQL、熟悉Sql Server数据库，了解索引优化、查询优化和存储优化；7. 有大型互联网项目开发和架构经验；8. 具有较强的沟通学习能力，有责任心，对技术有热情，对开发工作有激情， 有钻研和学习精神，擅长分析问题解决问题。,文娱丨内容,150-500人,php,成都
php开发工程师,https://www.lagou.com/jobs/6304407.html,金牛区,7k-10k,成都市维度时代科技有限公司,3-5年,大专,五险一金,"PHP 招聘要求岗位职责：1、负责网站功能模块的开发、编写与维护以及文档的整理；2、负责网站运行的日常维护及功能的完善和二次开发；3、负责数据库的应用开发与管理维护，协调数据库设计，保证符合数据库设计规范和性能需求；4、负责公司旗下项目现有功能的维护、新功能的研发；5、负责APP接口开发，与项目负责人进行数据对接以及数据整合。岗位要求：1、大专及以上学历，2年以上真实PHP项目开发经验;2、熟悉 Linux 操作系统，熟悉 Shell 脚本编程，熟练使用常用的Linux命令；3、熟悉常用开发环境如Apache、Nginx、Memcache、Redis等的搭建、设置及调优;4、熟练运用PHP、mysql，熟悉laravel框架，研究过源码,对OOP有较为深入的认识;5、至少熟悉一种 PHP 开源程序的二次开发（ecshop,phpcms v9,dedeCMS,shopEX,wordpress等），熟悉shopnc优先;6、mysql数据库索引优化、查询优化和存储优化经验，掌握各种调优技巧;7、有大型电商B2B、B2C开发经验，有高并发、高访问量网站开发经验者优先;",移动互联网,15-50人,php,成都
php开发工程师,https://www.lagou.com/jobs/5916596.html,青羊区,5k-7k,成都晨云信息技术有限责任公司,1-3年,大专,周末双休、加班少、交通便利、节日福利,岗位说明：1、参与产品开发需求讨论，参与系统架构和数据结构方案设计2、参与开发、定制、调试、优化程序3、分析系统瓶颈，解决各种疑难杂症4、尝试产品技术攻关，新技术的研究任职资格：1、学历尽量高吧，有互联网开发经验，计算机相关专业优先2、精通PHP编程环境开发，至少熟悉一种MVC的开发框架3、熟练掌握CSS、DIV、Java script 、AJAX等页面技术，熟悉一些前端开发框架4、具有MySQL优化经验、PHP缓存技术、静态化设计方面的经验5、热爱学习喜欢钻研技术，对新技术抱有热情，有Geek精神6、为人简单专注、做事诚恳踏实、有激情，对自己的未来不甘于平庸，永远挑战自己7、有代码洁癖不能忍受垃圾代码，热爱技术有极强的好奇心及持之以恒的钻研心态8.特殊时期，公司在收到简历之后一周内安排面试，谢谢！,"移动互联网,数据服务",15-50人,php,成都
PHP开发工程师,https://www.lagou.com/jobs/6618126.html,高新区,4k-7k,成都久思微信息科技有限公司,3-5年,本科,"扁平化管理,良好的团队,专业的开发","计算机及通讯、电子等相关专业；　 1、有PHP开发经验，熟练使用PHP编程；2、计算机相关专业本科及以上学历3、一年以上wamp网站开发经验；4、熟练应用MySQL数据库进行应用开发，高性能sql语句的编写；5、熟悉htmlcssjavascript前端开发；6、熟悉ci框架；7、拥有良好的代码书写习惯，要求结构清晰，命名规范，逻辑性强，代码   冗余率低，并有良好的代码注释习惯8、拥有一个非企业网站项目经历9、具有强烈的责任心，工作不佛系,良好的沟通能力及团队合作精神。","企业服务,数据服务",15-50人,php,成都
php开发工程师,https://www.lagou.com/jobs/6763241.html,新都区,5k-8k,四川龙一医药有限公司,1-3年,大专,包吃包住，不加班，双休、全员旅游,"索引优化，查询优化，存储优化，脚本编程岗位职责：1. 负责公司官网、微信公众号、小程序的后端开发工作；2. 负责商品交易平台后台管理系统的功能开发与维护；3. 负责SQL优化，数据库设计及性能调优；4. 参与项目的需求分析，进行功能模块的详细设计和单元测试；5. 能对系统进行性能优化，并且拥有处理高并发的能力。任职要求：1. 计算机及相关专业，大学专科及以上学历，2年以上PHP开发经验；2. 熟悉 Linux 操作系统，熟悉 Shell 脚本编程，熟练使用常用的Linux命令；3. 熟悉常用开发环境如Apache、Nginx、Memcache、Redis等的搭建、设置及调优；4. 熟悉前端代码编写，熟练使用js，jquery，html,css。熟悉前端框架vue优先；4. 熟悉Yii,TP,laravel等开源框架，有快速开发经验，熟练使用Yii优先；5. 至少熟悉一种PHP开源程序的二次开发（ecshop,phpcms v9,dedeCMS,shopEX,wordpress等）；6. mysql数据库索引优化、查询优化和存储优化经验，掌握各种调优技巧；7. 有电商B2B、B2C开发经验，有高并发、高访问量网站开发经验者优先；8. 扎实的编程基础，代码构造清晰，易读；9. 有良好的沟通能力，具有较强的分析，解决问题能力，能自主完成模块开发。","医疗丨健康,电商",150-500人,php,成都
PHP后端工程师,https://www.lagou.com/jobs/6744964.html,高新区,8k-14k,成都筑证网络科技有限公司,1-3年,本科,扁平化管理，加班少,职位描述1.     负责系统架构设计和核心部分编码工作2.     参与产品需求的沟通、讨论和协调3.     负责产品组件和应用开发4.     参与系统体系结构分析、数据库、接口设计等工作5.     负责模块的开发、测试、优化等工作6.     能独立完成对线上程序问题的分析处理7.     协助前端开发人员进行模块开发任职要求 1.     熟练使用Linux，熟悉LNMP架构2.     熟练使用docker、docker-compose3.     熟练掌握php，熟练使用Yii24.     同时遵循 PSR 编码规范、RESTful API5.     熟悉 MicroServices、NoSQL、MQ、Docker、Jenkins6.     在数据库（postgresql、mysql、redis、memcache）有一定的实践经验7.     看得懂英文文档，对算法和数据结构有一定理解8.     是quora、Hacker News、reddit的常客9.     了解一些HTML.JavaScript.CSS等前端技术10. 会正确上网方式，使用google11. 有项目开发经验，有分布式系统经验者优先12. 有github.com等开源社区账户请提供站点地址及账户名，根据Contributions情况会加分,"移动互联网,数据服务",少于15人,php,成都
php开发工程师,https://www.lagou.com/jobs/7022345.html,高新区,8k-12k,北京数资科技有限公司,1-3年,大专,员工下午茶,php开发工程师薪资区间：8-12K    经验1-3年    学历大专及以上职位描述：岗位职责：1. 从事移动应用后端开发工作；2. 能独立进行相关功能模块的架构设计和开发工作；3. 负责现有app的维护和版本更新；4. 负责进行性能优化、崩溃跟踪等。任职要求：1. 计算机或相关专业，3年以上PHP开发经验；2. 熟练掌握LNMP开发，熟练使用Yii2、Laravel(Lumen)、Yaf等一种或多种框架，熟悉Yii2优先；3. 熟悉Linux常用命令，熟练使用Git；4. 熟悉MySql数据库的操作、管理和优化，有扎实的SQL功底；5. 熟悉Redis、MongoDB等常用NoSql解决方案，了解各自的优缺点以及使用场景；6. 拥有良好的代码编写风格，要求结构清晰，命名规范，逻辑性强；7. 具有较强的沟通能力和学习能力，具备一定的分析问题、解决问题的能力。,"移动互联网,区块链",15-50人,php,成都
php开发工程师,https://www.lagou.com/jobs/7080818.html,高新区,9k-12k,四川企赋电子商务有限公司,3-5年,大专,全勤奖金 节假日福利,岗位职责:1、资深后端程序，参与系统框架和核心模块的开发和维护，具备独挡一面的能力；2、对接产品需求，分析和简化实现思路；3、编写产品技术文档，和前端开发高效对接。岗位要求:1、四年及以上后端项目开发经验，熟悉面向对象编程，了解常用设计模式；2、熟悉php性能优化和mysql优化，熟练使用laravel框架者优先；3、熟悉数据结构和算法，有较强的逻辑思维；4、熟悉基本的网络通信协议，熟悉消息队列，曾使用过swoole和redis优先；5、具有独立思考能力和钻研精神，有技术相关博客者优先；6、致力于写出优雅的代码，有良好的代码习惯者优先。,电商,50-150人,php,成都
PHP开发工程师,https://www.lagou.com/jobs/7205809.html,高新区,10k-20k,成都汇正信科技有限公司,3-5年,大专,五险一金,职责：1.负责后台页面的设计和开发2.负责第三方sdk接入工作中的相关开发3.线上系统的维护、优化要求：1.3年以上php开发经验，熟悉Laravel等框架，有Go经验者优先2.熟悉mysql、redis数据库3.熟练掌握html/css/javascript等前端技术，熟练掌握jQuery，熟悉AngularJS/Bootstrap等JavaScript框架/类库4.独立完成过完整系统开发(前端+后台)者优先，有棋牌游戏工作经验者优先5.有激情有进取心，乐于持续学习，抗压性强，良好的沟通能力和合作精神,"游戏,软件开发",15-50人,php,成都
php高级开发工程师,https://www.lagou.com/jobs/7211596.html,高新区,10k-16k,成都岽岳软件有限公司,3-5年,本科,法定假日，加班较少，带薪年假，公司零食,技能要求：PHP，后端开发，数据库，Redis，云服务器，docker等岗位职责：1、负责公司产品的设计与开发工作，快速迭代需求；3、对接产品需求，分析和简化实现思路；4、编写清晰的产品技术文档，和前端高效对接.5、完成其它工作相关分派任务岗位要求:1、全日制本科 及 以上学历，计算机或相关专业优先，有扎实的计算机编程理论基础；2、三年及以上项目后端开发经验，熟悉面向对象编程和常用设计模式；3、熟练掌握php性能优化和mysql， mariaDB，服务器等优化；4、熟悉数据结构和算法，有较强的逻辑思维；5、熟悉基本的网络通信协议，熟悉消息队列，熟悉redis或swoole优先；6、具有独立思考能力和钻研精神，有音乐、视频、社交类项目经验优先7、致力于写出优雅的代码，有良好的代码习惯者优先。8、必须有时间观念，注重团队合作，有责任心。,软件开发,少于15人,php,成都
PHP技术主管,https://www.lagou.com/jobs/7205754.html,郫县,15k-25k,成都环宇知了科技有限公司,3-5年,本科,五险一金、定期团建、咖啡零食,一、工作职责：1、 负责项目的功能分析、任务分配、进度跟踪、过程质量控制，确保项目按时保质保量完成；2、 负责项目代码的模块化管理，建立、维护和更新项目程序开发标准和规范，并执行实施；3、 负责技术团队的建设、培养和管理，提升团队的工作质量、效率和技术能力，构建稳定、高效的技术研发团队；4、 负责服务器的集群管理与维护；二、任职条件：1、 5年以上PHP开发工作经验，2年以上团队管理经验，有大型系统软件开发经验优先；2、 熟悉常用的thinkphp、onethink框架，使用过swoole、workman等异步框架尤佳3、 熟悉掌握mysql、mongodb等数据库使用，以及redis、memcache等缓存技术；4、 精通服务器配置安全知识，能够独立完成服务器部署；5、 具备团队领导、沟通协调、计划执行等管理潜力，能承受较大工作压力；6、 有大型数据库设计、高并发、缓存机制、性能优化相关经验者优先7、统招本科学历（211）,"电商,教育",500-2000人,php,成都
PHP主管,https://www.lagou.com/jobs/7205942.html,郫县,15k-25k,成都环宇知了科技有限公司,3-5年,本科,带薪年假 免费体检,--------------本岗位要求统招本科211以上学历，必须有管理经验---------------薪资：15000~25000【工作职责】1、 负责项目的功能分析、任务分配、进度跟踪、过程质量控制，确保项目按时保质保量完成；2、 负责项目代码的模块化管理，建立、维护和更新项目程序开发标准和规范，并执行实施；3、 负责技术团队的建设、培养和管理，提升团队的工作质量、效率和技术能力，构建稳定、高效的技术研发团队；4、 负责服务器的集群管理与维护；【任职要求】1、 5年以上PHP开发工作经验，2年以上团队管理经验，有大型系统软件开发经验优先；2、 熟悉常用的thinkphp、onethink框架，使用过swoole、workman等异步框架尤佳3、 熟悉掌握mysql、mongodb等数据库使用，以及redis、memcache等缓存技术；4、 精通服务器配置安全知识，能够独立完成服务器部署；5、 具备团队领导、沟通协调、计划执行等管理潜力，能承受较大工作压力；6、 有大型数据库设计、高并发、缓存机制、性能优化相关经验者优先,"电商,教育",500-2000人,php,成都
高级php,https://www.lagou.com/jobs/7050544.html,高新区,8k-12k,重庆创微网络科技有限公司,3-5年,本科,扁平管理 发展空间大,--岗位职责1、负责项目后台、以及服务器环境配置等相关管理；2、按照开发流程按时、按质完成项目功能的研发；3、配合完成相关功能测试工作，对突发性出现的问题能够及时追踪、定位和解决。--任职要求1、统招本科及以上，至少3年以上PHP开发经验；2、熟练掌握PHP、OOP开发、MVC架构，熟悉tp/laravel等相关框架；3、熟悉GIT版本控制，掌握redis；4、熟悉Mysql，具备一定的数据库性能优化经验;5、能熟练docker相关命令操作和管理；6、具有良好的编码风格，结构清晰、命名规范、逻辑性强、代码冗余率低；7、具备相关app开发经验者优先；8、有高并发，大数据，消息队列相关开发经验者优先；,移动互联网,15-50人,php,成都
PHP、web前端开发工程师,https://www.lagou.com/jobs/7149445.html,青羊区,8k-15k,成都乐链科技有限公司,1-3年,大专,扁平化管理，让能力、才华来说话,"1、精通php语言，熟练使用HTML、CSS等web语言，两年以上开发经验;2、熟悉常用开发环境如Apache、Nginx、Tomcat等的搭建、设置及调优;3、掌握面向对象设计的基本原理，熟悉设计模式和算法。4、具备扎实的Web开发基础，熟悉thinkphp 等当前主流web框架；5、熟悉各个平台web浏览器兼容性适配，不同分辨率适配优化，优化网站性能。6、具有独立完成产品，有较高的学习能力，能够专注于技术工作, 有应急响应与处理问题的能力。","文娱丨内容,区块链",15-50人,php,成都
php高级工程师,https://www.lagou.com/jobs/7065495.html,高新区,8k-13k,成都励合创联科技有限公司,3-5年,不限,双休，六险一金，福利（你想的都有）,"工作职责：
 负责服务端的性能优化改造和后台系统拆分升级；
 负责小程序，Web项目后端的API 数据接口开发及维护；
 参与公司项目、平台整体设计并负责完成核心代码研发：
任职资格：
 拥有良好的代码习惯，要求结构清晰，命名规范，逻辑性强，代码冗余率低；
 精通PHP、熟悉PHP常用框架,了解前沿技术动向，扎实的计算机系统、算法、数据结构基础；
 熟练使用各种SQL语句，并具有优化SQL的能力，熟悉memcached、redis、MongoDB等,有大数据量优化经验者优先；
 对缓存、队列、存储、网络、代理、配置等各种服务端开源方案有充分了解和实践；
 熟悉Vue、jQuery等前端框架；
 熟悉LinuxUnix，会编写基本的shell脚本，有过相关服务器部署及维护的工作经验；
 逻辑思维能力强，有较强的分析问题和解决问题的能力；有较强的系统架构能力；
 熟练使用Git版本控制工具；
 熟悉Python，Golang者优先；",企业服务、数据服务,少于15人,php,成都
PHP开发,https://www.lagou.com/jobs/7163407.html,高新区,8k-15k,大爱金孝云科技有限公司,3-5年,本科,公司重点项目,【职位描述】1、完成研发经理交给的开发任务，对自己开发的程序负责。2、按时完成研发经理的分配开发任务；3、不断优化程序代码；解决运营过程中产生的问题；4、诚实可靠，愿意踏实做事情，可承受工作压力；5、个性活跃，能和团队融合在一起；6、不断学习，跟得上技术的发展。 【岗位要求】1、全日制本科及以上学历，2年以上PHP实际工作经验2、熟悉 html5、javascript、Ajax、DIV+CSS、XML、jquery、node.js等Web相关技术；3、熟悉SQL语法、MySQL数据库及数据库开发、配置、维护、性能优化，能够根据需求独立设计数据库、数据表； 4、有一定的数据库规划能力，熟悉各种WEB缓存技术，对Memcache 、Redis，workman 有精深的了解；5、熟悉基于mvc模式的程序开发，掌握部分主流框架；6、扎实的计算机基础7、熟悉Linux操作系统，能够使用常用的Linux命令完成日常工作；8、良好的逻辑思维能力、解决问题能力与执行力。,电商 企业服务,15-50人,php,成都
php,https://www.lagou.com/jobs/5107329.html,高新区,4k-7k,成都凌鹏科技有限公司,1-3年,本科,年终奖，团队旅游，节假日福利,注：目前YQ阶段（远程面试及远程办公）1.熟悉Linux平台优先2.熟练掌握ThinkPHP/Laravel框架中的最少一种或多种3.了解使用HTML/CSS/JavaScript/ajax/jQuery/VUE等技术进行web应用开发4.有良好的沟通和学习能力，具备强烈的进取心，有较强的团队协作能力及快速解决问题的能力5.逻辑思维能力强，做事有条理，具备较强的分析问题和解决问题的能力，工作积极主动、严谨负责,移动互联网,少于15人,php,成都
php开发工程师,https://www.lagou.com/jobs/6622486.html,高新区,7k-14k,四川无声信息技术有限公司,1-3年,本科,五险一金，周末双休，带薪年假,职位描述： 1、完成项目代码的实现，编写代码注释和开发文档 2、根据设计文档或需求说明完成代码编写，调试，测试和维护 3、分析并解决项目开发过程中的问题 4、配合项目经理完成相关任务目标   岗位要求： 1、熟练使用PHP，3年以上PHP开发工作经验  2、熟练掌握Laravel、Yii、ThinkPHP等框架  3、熟练使用Linux操作系统  4、熟悉html、css、javascript、jquery等前端语言  5、了解mongodb、mysql、postgresql等数据库的操作  6、熟悉Python脚本语言的的基本开发优先7、头脑灵活，具有良好的团队意识和协作精神，有将强的沟通表达能力,信息安全,150-500人,php,成都
php高级开发工程师,https://www.lagou.com/jobs/6523295.html,高新区,8k-15k,成都天府星空网络科技有限公司,不限,大专,办公环境优美，节日氛围浓厚,设计、开发并改进互联网产品后台服务快速原型开发，快速迭代并迅速投入产品参与项目重点、难点模块的研发工作，结合业务的特点，提供面向业务的整体优化方案分析后台统计数据，不断提升产品体验给于初级工程师和新人指导和培养计算机或相关专业大专以上学历，3年或以上 PHP相关开发经验；精通 PHP 及主流开发框架（如 Zend、Yii、ThinkPHP 等）精通面向对象开发；熟悉HTML/CSS/JavaScript/Ajax/JQuery 等相关技术；熟悉Linux 环境下开发，熟练掌握 Apache/Nginx 的配置和使用；优秀的数据库设计和优化能力，至少精通一种数据库应用，精通 Mysql 数据库应用者优先；精通主流的NoSQL 技术（如 Memcached、Redis、MongoDB等）并能熟练使用于项目中；*数据结构、算法分析功底扎实，学习能力强，有较强的架构能力及优秀的逻辑思维能力；沟通交流能力强，乐于分享，良好的团队合作精神；熟悉金融互联网解决方案者优先；有大规模系统设计和开发经验者，或高并发、高安全性互联网服务经验者优先,"电商,移动互联网",500-2000人,php,成都
PHP 实习生 2021,https://www.lagou.com/jobs/6936586.html,武侯区,2k-3k,奇迹空间（成都）科技有限公司,应届毕业生,本科,"16薪,带薪年假,弹性工作","岗位描述：
 完成日常 Api 开发任务
 维护 Api 文档，相关开发文档
 负责实现产品的新功能，与设计人员和开发人员的协同配合，配合前端& App 端完成项目，
任职要求
  本科及以上学历，计算机及相关专业，专业课平均分达到80分以上，请提供教务处分数图片，我司会针对专业课进行计算；
 了解 PHP ，了解 Laravel ，了解 MySQL 数据库相关内容，使用过 Git，最好有自己的 GitHub；
 有 Laravel 开发经验优先；
 愿意深入软件开发行业并长期从事； 
 具有较强的学习和独立分析能力、有责任心、具备良好的沟通能力和团体合作精神；
 2021年毕业优先；
  一周可实习 5 天，实习时间不低于 3 个月；","移动互联网,教育",15-50人,php,成都
php后端,https://www.lagou.com/jobs/6608637.html,高新区,10k-15k,成都侠客岛企业管理有限公司,3-5年,本科,五险一金，餐补，加班补贴，电脑补贴,技能要求：PHP职位描述: 1. 负责产品相关功能设计和开发； 2. 通过研究学习新技术，满足产品的实际需要； 3. 解决业务发展过程中遇到的问题，持续提升用户的访问体验 。 职位要求: 1. 计算机相关专业本科及以上学历，4年以上相关工作经验； 2. 扎实的计算机基础，熟悉常用算法、数据结构； 3. 熟练使用PHP，Mysql的使用，熟悉go优先； 4. 具备良好的分析解决问题能力，能独立承担工作任务及把控任务进度； 5. 责任心强，良好的沟通和团队协作能力，主动好学有进取心,"物联网,企业服务",150-500人,php,成都
php开发工程师,https://www.lagou.com/jobs/5416217.html,高新区,15k-25k,成都格路亚网络科技有限公司,5-10年,不限,办公自由 福利好 工作氛围好,1、 具有大型网站PHP开发经验，有Laravel开发经验优先；2、 对高并发，高负载的架构有一定了解，具有分布式架构的代码开发能力；3、 能够承受一定的工作压力，在紧凑的计划安排下按时完成任务；4、 有团队合作开发经验，熟练使用GIT等项目管理工具进行开发；5、 具有创新意识，思维活跃，逻辑思维强，对自身技术提升有强烈的学习欲望；6、 善于与人沟通，良好的团队合作精神和高度的责任感；7、 熟悉linux/nginx/ssdb/redis/mongodb/mysql。会nodejs、java、go等多种开发语言优先考虑,"移动互联网,电商",15-50人,php,成都
PHP后端开发工程师,https://www.lagou.com/jobs/7113211.html,武侯区,8k-13k,四川华美紫馨医学美容医院有限公司,3-5年,大专,"五险一金,入职买险,绩效奖金,公司旅游","项目简介：自主医美商城研发任职要求：1.全日制专科以上学历， 3年以上PHP实际开发工作经验；2.对数据安全性的处理具有较好的经验；3.熟悉前端基础技术(html/javascript/ajax/div/css), 了解LAMP/LNMP下的WEB开发；4.熟练运用PHP、mysql，熟练使用thinkPHP，lavavel，swoole等，掌握常用设计模式; 5.至少熟悉一种主流的PHP 开源程序的二次开发(ecshop,phpcms v9,dedeCMS,shopEX,wordpress等）;  6.具备web系统项目重构实施经验,大型电商系统/分布式系统开发经验优先。7. 有电商开发经验或数据类开发优化经验优先；岗位职责：1.负责需求分析,功能模块的开发、编写与维护以及文档的整理；3.负责数据库的应用开发与管理维护，协调数据库设计，保证符合数据库设计规范和性能需求；4.负责产品系统的开发文档编写，有移动设备接口开发经验优先；5.不断优化和改进PHP服务端的数据安全、性能和用户体验；6.熟悉敏捷开发及有敏捷开发经验者优先考虑；","电商,医疗丨健康",500-2000人,php,成都
php开发工程师+自营项目,https://www.lagou.com/jobs/6235244.html,金牛区,8k-15k,四川聚创医药有限公司,应届毕业生,本科,自营电商平台 周末双休 加班少 稳定,【工作内容】 负责开发自营电商平台聚创医药网WEB及APP端，该平台WEB端目前年营业额达4亿1、负责产品整体技术框架，以及功能模块的开发与维护；2、负责产品技术文档的整理；3、负责产品运行的日常维护及功能的完善和升级开发；4、负责数据库的应用开发与管理维护，数据库升级，保证符合数据库设计规范和性能需求；5、负责公司产品现有功能的维护、新功能的研发。【任职要求】 1、本科及以上学历，计算机相关专业； 2、两年及以上PHP项目开发经验，有电子商务系统（购物商城）项目开发经验； 3、熟练使用div+css，js，熟悉linux基本操作； 4、对php 进程池有一定了解； 5、熟悉MYSQL数据库设计、配置管理和优化，有较强数据库规划能力； 6、较强的理解能力和团队协作能力。【岗位详知】1、上班时间：早8:30--晚（冬5：30/夏6:00）+周末双休+法定节假日+春节放假10至 15天2、上班及面试地址：成都金牛区金府国际二栋6、9层3、自营项目，不需出差4、公司福利：高端福利：股权激励、零元购车常规福利：社保、带薪年假、节日慰问礼品、工龄工资、婚育礼金、半年度/年度表彰、午餐补助、免费提供住宿健康关怀：疾病及困难关爱基金（含家属）、年度免费体检团队活动：户外拓展、部门团建,医疗丨健康,150-500人,php,成都
PHP开发工程师（实习生）,https://www.lagou.com/jobs/6857890.html,高新区,2k-4k,北京多点极致供应链技术有限公司,应届毕业生,本科,"带薪年假,弹性工作,福利多多","1. 掌握HTML/XHTML/CSS等语言；2. 数据结构与数据库基础知识扎实，掌握MySQL，了解常用非关系数据库（如redis，Memcached....）；3. 良好的学习能力、沟通与表达能力、思路清晰，较强的动手能力与逻辑分析能力；4. 对新技术有足够的学习热忱和对技术的追求；5. 限应届毕业生, 全日制高校，计算机、软件工程、数学等相关专业;6.  985、211优先选择；7. 掌握PHP/Python/Go优先；",移动互联网,150-500人,php,成都
php,https://www.lagou.com/jobs/6788023.html,高新区,8k-10k,四川海客优选电子商务有限公司,3-5年,本科,六险一金、双休、带薪年假、餐补,"岗位职责：1、参与需求分析，系统设计工作以及相应的核心编码工作，完成相应技术文档的撰写；2、参与项目整体设计，开发和计划的实施，完成相关模块单元测试；3、独立完成功能模块的开发，并负责各个功能及模块的接口设计工作；4、编写核心代码与组件；5、负责系统软件和数据库配置和优化；6、负责系统的性能优化和技术难点公关；7、保证程序的安全、效率和可扩展性；8、配合运营部相关活动的后台技术支撑。任职要求：1、4年以上开发经验，精通PHP语言，了解多种开源框架（如Thinkphp,yii,zend等），至少熟练一种框架；2、熟悉mysql、sqlserver、oracle、mongodb等数据库，至少熟练掌握一种数据库，能熟练编写各种优质、高效查询SQL；3、了解常用Linux命令，熟悉LAMP运行架构,熟悉Shell等脚本编写，熟悉MVC模式开发，有高负载、高并发大型WEB服务经验者优先；4、能独立完成项目经理分配的任务，有良好的编码习惯和较强的文档编写能力，对代码精益求精；5、熟悉OOP的设计方法，有带团队开发经验或使用过微服务架构模式+组件开发者优先；6、思维敏捷、严密，态度积极乐观、好学，有良好的沟通能力，责任心强；","电商,软件开发",15-50人,php,成都
PHP高级开发工程师,https://www.lagou.com/jobs/6247201.html,武侯区,10k-15k,怀谷（北京）科技有限公司,5-10年,不限,成都、靠谱,1. 从事参与PHP开发5年以上2. 精通PHP原生语言，有独立编写框架能力3. 至少精通一门框架语言，如ThinkpHp/Laravel/Yii并研究过其底层代码4. 有过大型网站架构经验，实际处理设计过大数据/高并发等技术问题5. 精通常用的缓存方案，如Redis/Memcache，6. 精通Mysql，实际操作处理过分库分表，索引优化，负载均衡，读写分离等7. 熟悉Web前端技术，如JavaScript/Jquery/Ajax等8. 熟悉Liunx，不依赖第三方完成Web环境的部署，安全配置9. 对代码的可阅读性以及安全性有较高的要求10. 较好的团队意识，较强的抗压能力，热爱技术，一定的团队管理能力,移动互联网,15-50人,php,成都
php开发工程师,https://www.lagou.com/jobs/5979402.html,武侯区,6k-10k,成都爱诚科技有限公司,3-5年,不限,项目提成、晋升技术总监,岗位职责：1、一年以上PHP网站开发经验，能够独立快速完成客户网站开发工作；2、精通PHP编程，熟悉Javascript、Ajax/jQuery、CSS和HTML等Web前端开发技术；3、熟悉CSS/DIV，能全面解决CSS的页面兼容性问题，能够为各种版本的浏览器兼容性提供最佳解决方案。4、熟悉MYSQL、SQL数据库开发，配置、维护、性能优化；5、熟悉thinkphp、YII、有独立电商、平台项目开发者优先；6、熟悉数据库的设计、使用和优化，能够熟练应用MySQL、Redis、MongoDB；7、良好的代码习惯，要求结构清晰、命名规范、逻辑性强、代码冗余率低。8、思维活跃，具备高度的责任心、诚信的工作作风、优秀沟通能力及团队精神；9、有较强的系统分析能力和语言表达能力，思路清晰，工作效率高；10、在网站建设公司从事PHP程序员工作经验者优先。职位描述：1、运用php语言独立高效完成客户网站项目程序开发；2、与设计师、销售、网页制作各个岗位协调沟通。工作地址成都市武侯区航空路6号丰德国际广场B1座12A02,"企业服务,其他",15-50人,php,成都
php开发工程师,https://www.lagou.com/jobs/7184448.html,青羊区,10k-15k,成都青年行动文化传播有限公司,3-5年,不限,"五险一金,周末双休,朝九晚五,快速发展","职位描述：工作内容:1.参与后端相关接口以及业务逻辑的开发;2.参与业务需求相应的技术规格和流程逻辑等文档的编写;3.负责新功能的开发及现有功能的维护;4.负责数据统计的新增和迭代;5.参与服务器后端架构的优化改进，保证系统高效稳定可靠运行;职位要求:1.三年及以上PHP开发经验，熟悉MVC开发模式和Phalcon开发框架，了解设计模式;2.具备良好的编程风格，掌握版本管理工具，有良好的沟通能力和团队合作能力、抗压能力强，工作积极主动、认真负责;3.熟悉数据库的设计、使用和优化,能够熟练应用Nginx、Redis、 MongoDB，ElasticSearch；4.熟练掌握PHP并发编程、网络编程等基础知识，熟悉Linux环境下的日常开发和调试；5.熟悉阿里云相关服务开发经验者优先；6.具备较强的业务理解及业务抽象能力，开发设计可扩展、可复用、高性能的服务架构的优先；7.了解Web前端技术JavaScript和NodeJS;8.熟悉分布式系统原理、微服务、消息队列、缓存、容器等技术者优先考虑；",移动互联网,少于15人,php,成都
php开发工程师,https://www.lagou.com/jobs/7138462.html,高新区,6k-12k,四川小虎团网络科技有限公司,1-3年,本科,成长快   晋升空间大,任职要求：1、 2年以上php开发工作经验；有5个以上独立项目后 端开发经验，熟练并精通TP5框架。2、 熟悉LNMP开发环境，精通PHP开发语言，熟悉各 种主流的MVC开发框架的使用及其原理；3、 精通MySQL数据库设计和优化，熟悉SQL代码编 写，熟悉至少一种数据库管理软件；4、 熟悉Ajax、JQuery、JavaScript等前段技术，熟悉 ThinkPHP、yii等主流框架5、 熟悉Linux/Unix系统环境搭建和基本操作以及相关网 络基础知识；6、 熟悉Nginx服务器的配置，了解负载均衡，冗余备份 等一系列运维技术；7、 至少熟悉一款nosq丨数据库如:redis/mongodb等；8、 逻辑思维能力强，做事有条理，具备较强的项目分 析和解决问题的能力；9、 有强烈的上进心和求知欲，善于学习新事物，对技术充 满激情，敢于挑战；10、 有APP、小程序、OA、ERP等系统研发经验优先；11、 有电子商城项目开发经验的优先；12、 了解其他语言，比如java、python等。,电商、企业服务,500-2000人,php,成都
php全栈,https://www.lagou.com/jobs/7123657.html,高新区,10k-15k,成都远锦世纪科技有限公司,1-3年,本科,五险一金，不考勤，学习氛围好，有发展前景,"### 任职要求 1. 熟悉PHP语言，有独力LAMP/LNMP开发经验，熟悉MVC框架（laravel方向）； 2. 熟练掌握bootstrap，熟悉vue前端框架；3. 熟练掌握MySQL数据库应用开发，了解MySQL的数据库配置管理、性能优化等技能,熟悉缓存技术，例如memcached或redis缓存技术；4. 具备良好的自我学习和约束能力，良好的编程习惯及较强的文档编写能力；   ### 岗位职责： 1. 参与企业应用型网站能设计，模块设计，数据库设计；  2. 完成软件系统代码的实现，编写代码注释和开发文档； 3. 根据设计文档或需求说明完成代码编写、调试、测试和维护； 4. 分析并解决软件开发过程中的问题；","企业服务,数据服务",少于15人,php,成都
php开发工程师,https://www.lagou.com/jobs/6876582.html,高新区,3k-4k,成都渔果科技有限公司,1-3年,本科,弹性工作，项类型多，学习机会多,我公司是阿里巴巴授权定制开发商，项目主要为阿里巴巴业务相关项目，公司阿里业务飞速发展，员工可以接触全面的阿里相关技术场景，提供很大技术发展空间，期待你的加入。1. 熟悉PHP，熟悉Lavarel或者TP框架，熟悉面向对象设计，有良好编程习惯2. 熟悉MySQL，熟悉SQL语言，熟练通过索引优化查询效率。3. 熟练配置LAMP开发环境，熟练配置Linux环境。4. 熟悉网页前台技术，XHTML，CSS，Javascript5、熟悉使用Linux平台，熟悉基本的操作及环境布署，熟悉shell脚本语言6、扎实的数据库存储基础，熟练使用 MySQL，熟悉 MySQL 的各种查询优化7. 了解PHP框架技术，半年以上PHP项目经验。8、热爱互联网、学习能力强，思想活跃、勤奋敬业，善于沟通，具有团队合作精神，项目紧张需要加班9、有PHP网站或者小程序后台开发经验，熟悉基于Linux+Apache+PHP+MySQL的WEB开发。善于学习和运用新知识，具有良好的分析和解决问题能力 ，工作积极主动，具有良好的团队合作精神和积极主动的沟通意识有OA系统、CRM系统、saas软件系统等开发经验优先，了解java加分。欢迎有一定PHP项目经验的应届生应聘,"移动互联网,消费生活",少于15人,php,成都
php开发工程师,https://www.lagou.com/jobs/6302208.html,高新区,5k-9k,成都市飞狼科技有限公司,1-3年,本科,"happy,自由,融洽,进取",岗位职责：1. 参与产品的需求调研和需求分析。2. 搭建系统开发环境，完成系统框架和核心代码的实现。3. 不断优化用户体验以及PHP服务端的性能。4. 系统开发测试、部署和集成。5. 维护相关系统、保证系统运行的稳定性。岗位要求：1. 大学本科或以上学历。（能力突出者可以酌情降低要求）2. 至少1年以上PHP开发经验，扎实的PHP编程基础；如果专业技能强，条件可放宽。3. 熟练掌握YII、CI、laravel、Yaf等构架中的一种或几种，学习能力强者条件可放宽。4. 熟悉标准SQL和数据库设计，熟悉mysql数据库，掌握mysql索引、事务等相关知识，具备mysql数据库性能优化经验。5. 具有良好的逻辑梳理能力，能够快速掌握业务功能逻辑体系。6. 对新技术愿深入学习的意愿，对产品有责任心。7. 具有优秀的团队合作和沟通协作能力，善于学习，乐于分享。8. 有自己的技术博客或在github上分享代码者优先。9. 有一定日语能力或对日软件开发经验者优先。福利待遇：【平台广阔】外资企业背景，专注海外市场应用，拥有海外出差机会；【快速能力提升】为新员工配备导师，培训多样性；海外项目，挑战性高，提升快；【完善的薪酬制度】每年两次加薪与晋升机会；【保险福利】入职即购买五险一金；【文化福利】年度春游+秋游，年度体检，团建福利多多；【工作与生活平衡】带薪年假，法定节假日，周末双休。,"移动互联网,企业服务",15-50人,php,成都
php全栈,https://www.lagou.com/jobs/7187175.html,高新区,8k-15k,成都恰巧网络科技有限公司,3-5年,不限,薪资丰厚，周末双休,"岗位职责1、小程序开发、WEB网页开发、app开发等；2、根据设计原型文档负责实现编码、及单元测试工作，并能高效率、高质量完成；3、按照项目管理流程，参与研发部门的总体设计评审，参与技术难题攻克、组织技术积累等工作；4、负责项目的定制或二次开发工作。任职要求：1、3年以上实际项目开发经验，能够独立编写PHP应用程序；2、熟练运用PHP、Mysql开发，至少熟练运用一门PHP框架，如ThinkPHP5，Laravel，Yii，微擎等；3、熟悉Memcache、Redis等缓存机制，了解后端性能优化；4、熟悉Git、Composer使用；5、熟悉HTML、CSS、JS、vue、iq等前端技术；6、拥有良好的代码书写、注释和单元测试习惯，要求结构清晰，命名规范，逻辑性强，代码冗余率低；7、具备良好的团队合作能力，抗压能力，善于沟通，乐观开朗，有责任心。8、学历大专以上，且计算机专业相关专业毕业9、上班时间：早九晚六点半，周末双休，法定节假日全休",移动互联网,15-50人,php,成都
PHP/MYSQL WEB高级开发工程师,https://www.lagou.com/jobs/7032610.html,高新区,8k-15k,北京安必奇生物科技有限公司,应届毕业生,不限,五险一金，带薪假，节日福利，生日福利等,"工作职责：1.负责公司网站及移动端研发工作；2.负责公司项目网站平台的开发建设及维护更新等；3负责公司网站内容的维护；4负责公司网站对应服务器及数据库的管理与维护；5.完成公司安排的其他开发任务。岗位要求：1.本科及以上学历，硕士优先；2.熟练掌握PHP语言、精通面向对象设计与编程，至少还掌握其他一门语言，如：C#、python等；3.熟练掌握基于linux平台的web环境部署（apache、mysql、php）及调试技能，能进行工具类shell脚本的编写；4.熟练掌握web相关的缓存技术、熟悉至少一种NoSQL软件，如：memcached、redis等部署与使用；5.熟练掌握基于MVC架构的程序开发模式、前后端分离的技术，至少熟练使用以下一种开发框架（yii、thinkPHP）；6.熟练掌握前端网页技术，如：javascript、html5等；7.熟练掌握MySQL, Pgsql数据库之一，能进行配置参数、数据库、表结构的优化，掌握常用的负载均衡技术，如：主从复制、读写分离等；8.理解分布式服务治理的架构、SOA理念，并有一定的项目实施经验；9.具有高并发与大数据架构、EDM、CRM、ERP、基于Elasticsearch的数据统计分析系统、移动应用开发经验者优先；10.熟悉至少一种基于PHP的CMS系统，如wordpress。工作地点：北京、成都、天津、上海、西安、兰州、美国",其他,50-150人,php,成都
php,https://www.lagou.com/jobs/6969382.html,武侯区,10k-15k,成都昌兴正欣网络科技有限公司,3-5年,大专,五险一金；带薪年假；季度奖金；项目奖金,岗位职责:1、按时按质完成核心产品的设计和开发工作；2、和产品部门沟通产品需求，快速迭代开发，并使产品迅速上线；3、负责相关项目的架构设计、模块划分；负责核心代码、关键技术文档编写；4、指导团队中的初级工程师解决项目开发过程中的重大技术问题；5、参与公司整体项目的技术选型，架构设计；任职要求：1、3年及以上 PHP项目的开发经验2、熟悉至少一种主流国外 PHP 开源框架；3、对 Web 安全有足够理解，能够在编写代码时考虑到常见的安全隐患；4、熟悉 MySQL、Redis 数据库，能够编写高效的数据库操作代码；5、熟悉 MySQL 统计功能的使用，能够编写高效的统计代码；6、具有一定的 Web 前端开发能力，可以熟练使用 Vue 等类似前端框架优先；8、热爱技术、勤于思考，对产品追求卓越，工作认真负责、积极主动，9、具备良好的沟通能力和团队协作精神。,软件开发,50-150人,php,成都
php,https://www.lagou.com/jobs/6826233.html,高新区,11k-15k,成都昕诺科技有限公司,1-3年,不限,良好的发展空间,职位描述： 参与和负责产品前后台的设计与开发；能积极主动了解需求，遵循规范编写代码；根据设计要求独立完成代码编写及代码维护工作；对所编写的程序进行严格的综合测试。任职要求：计算机相关专业，1-3年PHP网站开发经验，熟练TP5、YII、CI一种或多种框架；熟悉MYSQL数据库，掌握SQL语言，了解linux常用命令。,电商、软件开发,少于15人,php,成都
php开发工程师,https://www.lagou.com/jobs/6590056.html,温江区,7k-12k,成都逆领网络科技有限公司,1-3年,不限,"五险一金,年底双薪,绩效奖金,带薪年假",1、 熟练掌握PHP语言，有二年以上PHP开发经验，至少有过一个项目以上的独立、完整开发经验。2、 熟悉MySQL数据库，具备一定索引优化、查询优化能力。3、 熟悉laravel框架，具备利用laravel框架开发项目的能力。4、 了解resetful规范，具备app接口开发经验者优先。5、 熟悉H5、CSS3、JS等前端技术者优先。6、 具有较强的逻辑分析能力，良好的沟通和表达能力，具备较强的独立分析、解决问题的能力，工作责任心强，有良好的团队合作能力。,"移动互联网,电商",15-50人,php,成都
php开发工程师,https://www.lagou.com/jobs/6637125.html,温江区,7k-12k,成都逆领网络科技有限公司,不限,不限,"五险一金,年底双薪,绩效奖金,带薪年假",1、 熟练掌握PHP语言，有二年以上PHP开发经验，至少有过一个项目以上的独立、完整开发经验。2、 熟悉MySQL数据库，具备一定索引优化、查询优化能力。3、 熟悉laravel框架，具备利用laravel框架开发项目的能力。4、 了解resetful规范，具备app接口开发经验者优先。5、 熟悉H5、CSS3、JS等前端技术者优先。6、 具有较强的逻辑分析能力，良好的沟通和表达能力，具备较强的独立分析、解决问题的能力，工作责任心强，有良好的团队合作能力。,"移动互联网,电商",15-50人,php,成都
PHP开发工程师,https://www.lagou.com/jobs/6059625.html,高新区,10k-15k,成都天府星空网络科技有限公司,3-5年,大专,"五险一金,双休,国家法定节日","岗位职责：1、负责网站功能模块的开发、编写与维护以及文档的整理；2、负责网站运行的日常维护及功能的完善和二次开发；3、负责数据库的应用开发与管理维护，协调数据库设计，保证符合数据库设计规范和性能需求；4. 负责公司旗下项目现有功能的维护、新功能的研发；5、负责APP接口开发，与项目负责人进行数据对接以及数据整合。岗位要求：1、本科及以上学历，3-5年以上PHP开发经验;2、熟悉 Linux 操作系统，熟悉 Shell 脚本编程，熟练使用常用的Linux命令；3、熟悉常用开发环境如Apache、Nginx、Memcache、Redis等的搭建、设置及调优;4、熟练运用PHP、mysql，至少熟悉一种MVC框架，如thinkPHP，CI，Yii等，研究过源码,对OOP有较为深入的认识，掌握常用设计模式;5、至少熟悉一种 PHP 开源程序的二次开发（ecshop,phpcms v9,dedeCMS,shopEX,wordpress等），熟悉shopnc优先;6、mysql数据库索引优化、查询优化和存储优化经验，掌握各种调优技巧;7、有大型电商B2B、B2C开发经验，有高并发、高访问量网站开发经验者优先;8、有软件架构、服务器架构等方面经验,了解大负载大流量服务器端解决方案。加入我们，您将享受到：1.员工活动：我们每个季度均会组织丰富多彩的员工活动，在公司内部打造家的氛围，让家人间彼此增进感情，互帮互助；2.年度旅游：每年4次组织优秀员工、管理层国内国外游，让工作充满惊喜，让生活更有乐趣；3.各种福利：公司入职即购买五险一金，节假日福利（礼品/礼金）、带薪假期、员工俱乐部、爱心药箱、部门活动经费，深入员工工作生活的方方面面；4.透明晋升渠道：公司鼓励家人多方面发展，在工作中淬炼本职岗位技能，并用业余时间全面提升自我，为每一位家人提供专业线和管理线两条晋升通道，匹配家人职业发展的多重成长路线；5.培训：公司提供入职培训，进阶培训，管理技能培训，全方位带领家人快速掌握工作要领，轻松应对职场不同阶段；6.公司正处于快速发展期，只要你有能力，公司总经理的位置都可以给到你；7.超5A级写字楼，距离地铁1号线 金融城B出口步行100米，交通便捷，森林式办公环境，全办公区清风系统，为您精挑细选每一口空气。","电商,移动互联网",500-2000人,php,成都
高级php开发工程师,https://www.lagou.com/jobs/6638781.html,锦江区,12k-20k,深圳蓉信通金融服务有限公司成都分公司,3-5年,大专,发展空间大 工作氛围好,"岗位职责:1、负责公司战略性产品的系统框架设计、开发架构搭建、核心代码开发和技术相关工作。2、参与项目需求分析、功能可行性分析、技术可行性分析和系统架构设计工作。3、负责公司PHP项目的详细设计、编码和内部测试的组织实施，保障代码的安全；4、负责运用各种优化技术优化网站，提高网站高并发性能，保证系统稳定；5、负责在开发过程中相关的技术文档的编写工作；6、完成与本职位相关的其它工作。任职条件：1、三年以上工作经验，有PHP网站开发经验；2、精通PHP+MySQL程序设计、熟练运用TP、Yii2、Laravel等PHP常用开发框架，熟悉常用的js框架；3、熟悉MySQL数据库应用开发，包括MySQL的数据库配置管理、性能优化等基本操作技能；4、熟练使用Linux/Unix操作系统，熟悉常见软件的编译部署(如Mysql/Nginx/Apache)和优化；5、思维清晰敏捷,逻辑分析能力强,良好的口头表达能力,善于与人沟通,有强烈的责任意识6、熟悉多重缓存实现机制和策略,熟悉Memcache、Redis中的一种","移动互联网,金融",15-50人,php,成都
PHP开发工程师,https://www.lagou.com/jobs/2868524.html,高新区,4k-6k,成都锦猫科技有限公司,1-3年,本科,"五险一金,双休,带薪假期,年终奖",岗位职责：1. 负责完成详细设计；2. 负责完成代码编写；3. 负责完成单元测试；4. 负责开发文档的编写；5. 负责BUG跟踪和解决；6. 负责业务人员培训。  岗位要求：1.一年及以上开发经验，熟悉掌握常规WEB应用的开发，熟悉基本调优和性能排查能力；2.熟悉面向对象编程，了解WEB网站服务基础架构，熟悉smarty/Zend/thinkphp等框架之一；3.熟悉MySql数据库，能熟练使用，对调优、原理有一定了解优先；4.熟悉PHP代码优化，熟悉业务设计与优化；5.熟悉JS，至少熟悉一门JS框架；6.熟悉类unix系统使用、调优、服务部署优先；7.拥有良好的代码习惯，要求结构清晰，命名规范，逻辑性强，代码冗余率低；8.有较好的学习能力和沟通协调能力，工作细致耐心，责任心强。,"移动互联网,消费生活",少于15人,php,成都
PHP,https://www.lagou.com/jobs/1792428.html,金牛区,4k-8k,成都恩贰欧科技有限公司,1-3年,大专,五险一金 双休 年底双薪 带薪年假 年终旅游,"岗位职责：1. 负责Web应用模块的开发工作；2. Web前端表现层及前后端交互的模块设计和开发，通用类库、框架编写；3. 利用各种Web技术快速开发产品原型；4. Web新技术预研和选型。任职要求：1. 专科以上学历，1年以上工作经验；2. 熟练使用PHP开发，熟悉linux ubuntu和centos系统，对nginx有应用经验；3. 熟悉HTML、DIV+CSS，熟悉页面架构和布局，对Web标准和标签语义有基本认识；4. 熟悉Ajax、JavaScript、DOM等前端技术；5. 熟悉基本数据库原理,基本SQL语法, 了解Mysql数据库开发；6. 对Web技术创新及富互联网应用开发(Rich Internet Applications)有浓厚兴趣；7. 对用户体验、交互操作流程、及用户需求有一定理解；8. 具备团队协作精神，及较强的沟通、协调能力和语言、书面表达能力；9. 有较强的逻辑思维和学习能力，具有对新技术、新知识、新领域的学习热情。法定双休、五险一金、下午茶、节日福利、生日福利、生日蛋糕、年终奖、带薪年假、每年所有员工境外旅行一次。","游戏,硬件",15-50人,php,成都
PHP开发工程师（组长）,https://www.lagou.com/jobs/5912145.html,高新区,8k-13k,四川青芒阳光科技有限公司,3-5年,大专,"创业团队,弹性工作,气氛融洽",1、熟悉php编程、Mysql数据库设计维护和优化、有Redis、Memcached、Mongodb开发经验者更佳；2、熟悉VUE；3、了解原生JS，熟悉jquery及ajax的应用；4、熟悉Windows、Linux平台的PHP项目环境搭建；5、对Apache、Nginx有一定了解及使用;6、熟悉MVC工程模式和OOP开发思想、对Composer有了解；7、熟悉微信开发及支付开发，有微信公众号、支付开发、API接口开发经验；8、熟悉Thinkphp框架，熟悉RESTful API的概念；9、有良好的代码习惯。,"移动互联网,电商",15-50人,php,成都
php开发工程师,https://www.lagou.com/jobs/5878900.html,高新区,8k-10k,成都申度科技有限公司,3-5年,不限,周末双休，国家法定假日休息，发展空间巨大,岗位职责：1、网站开发、系统开发；大平台大数据框架熟悉2、按照项目管理流程，参与研发部门的总体设计评审；3、进行详细设计、代码开发，配合测试，高质量完成项目；4、参与技术难题攻关、组织技术积累等工作任职资格；任职资格：1、熟悉使用thinkphp、onethink、yii2等主流PHP框架；2、有团队合作开发经验，3、熟练使用GIT等项目管理工具进行开发；4、熟悉MySql数据库的设计、管理、开发和优化；5、熟练使用linux的一些常用命令，了解linux基础运维工作。 6、具备良好的沟通合作技巧，较强的责任心及团队合作精神，有管理经验更佳。工作时间：早九晚六，周末双休工作地址：成都 - 高新区 - 天府大道中段1388号美年广场A座,"移动互联网,电商",15-50人,php,成都
PHP,https://www.lagou.com/jobs/6737322.html,郫县,10k-20k,成都生活汪网络科技有限公司,3-5年,不限,免费住宿、五险,1、企业名称：成都生活汪网络科技有限公司2、位置：郫都区菁蓉镇硅谷人才楼1层3、招聘岗位PHP（能独立完成项目）4、人员素质：3-5年经验5、招聘人数：10个6、包住宿7、基本报酬：10000-15000元（多劳多得）8、无经验，不能独立完成项目实施勿扰。10、早9晚6双休，加班自愿，必须在公司坐班.12、项目提成中已经含所有底薪、社保、签订正式合同。13、公司包住宿。14、结算方式雇主认可付款即可立即收款，不等月底。 公司提成方式：一、PHP提成方式为：承接项目总额提成10%（提供接口、含后期维护） 需要会的框架PHP框架：TP5,"移动互联网,电商",15-50人,php,成都
php开发工程师,https://www.lagou.com/jobs/7064704.html,高新区,7k-8k,成都挪码科技有限公司,3-5年,大专,精英团队、项目发展前景好、晋升空间大,◆◆ 岗位职责：1.根据公司的项目规划，负责业务系统的核心模块的设计和开发工作；2.根据公司的质量要求，对所负责的项目进行单元测试和系统集成测试；3.快速分析、排查、解决项目实施过程中及线上遇到的技术问题；4.负责进行功能需求开发，承担部分新技术试验和研究，并应用到公司产品；5.定期与市场和产品部沟通，获取反馈信息并进行相应的处理；6.负责项目开发文档的编写，要有较强的沟通能力并准确理解需求；7.系统架构持续优化，优化团队研发流程和方法，不断提高团队代码质量、研发水平和工作效率；8.协调系统内部、跨系统的技术方案制定和评审，保证系统的可扩展、易维护性；9.完成基础工具、平台的研发、运维等方面的日常工作；10.对参与研发线上系统的稳定性和可用性负责；11.完成上级安排的工作。【教育经历】：大专及以上学历，计算机相关专业、小程序开发经验者优先。【任职资格】:1、拥有5年以上技术核心开发工作经验，精通php；2、能独自设计互联网产品整体规划方案，编写详细设计文档；3、具有较强的数据库优化能力、MySQL索引优化、查询优化和存储优化经验、缓存技术、静态化设计方面的经验；4、熟悉web架构和数据库等服务器的部署实施，精通Linux命令行配置，对服务器与网络运维有丰富的项目经验；5、具备较好的项目管理技能，包括进度安排、版本控制、风险控制、质量管理、运维管理等。工作地址：四川成都市武侯区交子金融科技中心B座 0403公司名称：成都小码哥科技有限公司 挪码,"软件开发,物联网",15-50人,php,成都
PHP开发,https://www.lagou.com/jobs/4030654.html,郫县,5k-7k,北京佳联亿通货物运输有限公司房山分公司,3-5年,不限,无考勤要求，弹性办公,php程序开发，熟悉TP框架 和 MySQL。有APP开发经验者优先。,"消费生活,企业服务",15-50人,php,成都
php开发工程师,https://www.lagou.com/jobs/6625002.html,高新区,5k-9k,深圳市鹰硕技术有限公司成都分公司,3-5年,大专,"五险一金,绩效奖金,团队活动,节假日福利",1.3年以上PHP开发经验，熟悉面向对象编程，有大中型网站架构及程序开发经验。2.参与多个Web产品项目开发，具有一定的独立思考能力，可进行基于linux下的php开发环境搭建及linux下的php开发，能独立完成系统框架和功能模块代码的实现；3.熟悉LNMP环境，深入理解redis/memcache，opcache等相关技术原理，有相关集群环境配置及开发经验。4.熟练使用mysql和相关工具，有一定的表结构设计能力，对数据库异步更新有深入的研究和相关经验。5.有过workerman或swoole框架开发经验，对多进程的编程方式有深刻理解，并有实际开发经验。6.具有一定前端知识，熟悉TP框架开发经验优先。7.熟悉nginx+ffmpeg 流媒体技术，对音视频相关技术有一定项目经验，有过大型直点播相关经验优先。,"教育,软件开发",15-50人,php,成都
php开发工程师,https://www.lagou.com/jobs/4967255.html,高新区,6k-10k,成都鑫易时代网络科技有限公司,3-5年,大专,五险一金 周末双休 项目奖金节假日福利,"岗位职责：1、参与项目整体设计，开发和计划的实施，完成相关模块单元测试；2、独立完成功能模块的开发，并负责各个功能及模块的接口设计工作；3、编写核心代码与组件；4、负责系统软件和数据库配置和优化；5、负责系统的性能优化和技术难点公关；6、保证程序的安全、效率和可扩展性；任职要求：1、3年以上开发经验，精通PHP语言，了解多种开源框架（会laravel框架，会laravel框架，会laravel框架）2、熟悉mysql、sqlserver、oracle、mongodb等数据库，至少熟练掌握一种数据库高效查询SQL；3、了解常用Linux命令，熟悉LAMP运行架构,熟悉Shell等脚本编写，熟悉MVC模式开发，有高负载、高并发大型WEB服务经验者优先；4、能独立完成项目经理分配的任务，有良好的编码习惯和较强的文档编写能力，对代码精益求精；5、熟悉OOP的设计方法，有带团队开发经验或使用过微服务架构模式+组件开发者优先；6、熟悉vue，能熟练使用更优。7、思维敏捷、严密，态度积极乐观、好学，有良好的沟通能力，责任心强；",游戏,50-150人,php,成都
PHP,https://www.lagou.com/jobs/1198640.html,锦江区,5k-8k,成都迈小步科技有限公司,1-3年,大专,购买社保，周末双休，法定假日,岗位职责:1、熟悉laravel框架（重要），了解TP框架3、完成主要代码编写工作。任职资格:1、专科及以上学历；2、三年以上php开发经验；3、熟练MySQL数据库的开发、配置、维护、性能优化；5、有团队管理经验者优先 。工作时间:周一至周五，9:00-18:00，周末双休。其他：有意者请投递简历，我们会根据情况电话通知面试，面试时，带上简历和作品。,"移动互联网,电商",15-50人,php,成都
PHP开发工程师,https://www.lagou.com/jobs/6733617.html,高新区,10k-15k,成都铭恩博瑞科技有限公司,3-5年,不限,五险一金，弹性考勤，结果导向,"### 任职要求 1. 熟悉PHP语言，有独力LAMP/LNMP开发经验，熟悉MVC框架（laravel方向）； 2. 熟练掌握bootstrap，熟悉vuejs\jquery等前端框架；3. 熟练掌握MySQL数据库应用开发，了解MySQL的数据库配置管理、性能优化等技能,熟悉缓存技术，例如memcached或redis缓存技术；4. 具备良好的自我学习和约束能力，良好的编程习惯及较强的文档编写能力；   ### 岗位职责： 1. 参与企业应用型网站能设计，模块设计，数据库设计；  2. 完成软件系统代码的实现，编写代码注释和开发文档； 3. 根据设计文档或需求说明完成代码编写、调试、测试和维护； 4. 分析并解决软件开发过程中的问题；","电商,教育",少于15人,php,成都
php,https://www.lagou.com/jobs/7108774.html,武侯区,8k-13k,成都都爱玩科技有限公司,3-5年,大专,五险一金齐全，有资本基础,岗位职责:1.根据产品需求主导服务端程序的设计和开发;2.对新业务方向的相关系统提供开发和支持;3.参与优化或重构现有系统，支撑业务进一步 发展;4.完成产品线的模块设计、接口开发和文档输出，产品上线后的日常维护、升级迭代;5.能够根据不同的业务需求，灵活快速地完成具有挑战性的项目。任职资格:1.3-5年php开发经验，能够独立开发产品业务;2.擅长使用PHP实现有挑战的项目，了解PHP基本原理，对PHP运行机制和相关配置有一定了解，熟悉PHP框架原理，熟悉TP5等;3.熟练基于MySQL数据库的应用开发，具备良好的MySQL存储、索引设计和SQL查询优化经验;4.熟练使用redis，mongo等nosql数据库，并了解其特性;5.了解或者使用过workman/swoole有过socket长连接开发;6.了解RabbitMQ等中间件;7.对面向对象设计有深入理解，有在实际项目中使用设计模式解决业务问题的经验;8.拥有大中型项目开发的经验，对项目架构有- -定了解;9.拥有处理复杂业务的能力，并能够做一定程度的抽象;10.有性能分析、系统优化的相关经验;11.基础扎实，熟悉数据结构和算法设计;12.对技术原理和相关的实现有透彻的理解;13.分析过主流框架源码，并了解其设计思想;14.逻辑思维严密，问题分析透彻全面;15.具备较强的学习能力，了解新的技术发展方向。16.有极强的责任心。非常感谢你的关注，由于简历较多，且为初创团队，故说清楚--些情况，方便彼此了解。1关于负责人:在互联网行业创业接近十年，因此业务和能力方面不用担心，年龄30岁左右，思维灵活，好沟通;3关于待遇:不会因为初创团队就找借口不买社保，和市面.上创业团队不一样，五险一金齐全，公司已注册好，且有资本基础。需要您反馈以下几个问题:1团队要求加班，单休，有加班工资，负责人本身比较拼，所以希望入伙的同事也是敢拼敢做的人，介意加班的朋友请注意这点。2吃苦耐劳.诚实守信.认真负责.有自己的追求3团队要求加班，单休，有加班工资，负责人本身比较拼，所以希望入伙的同事也是敢拼敢做的人，介意加班的朋友请注意这点。4吃苦耐劳，诚实守信，认真负责，有自己的追求和规划。5有技术管理，不用担心技术翻车问题。虽然是初创团队，但是办公室比较大，年轻人多氛围很好，所以不用担心技术氛围，人员活不活跃，工作很枯燥等问题。4如果能回复一下这几个问题， 将会非常感谢--①自己三五年的职业规划;②喜欢什么样的团队和工作环境?③觉得自己哪些优点很靠谱?④之前工作离职的具体原因?,软件开发,15-50人,php,成都
php,https://www.lagou.com/jobs/7068143.html,双流县,7k-10k,成都国鱼科技有限公司,1-3年,大专,年终奖,任职要求：1、2年以上使用PHP的开发经验，熟练使用PHP、MySQL进行Web系统开发2、熟练掌握thinkphp，yii；3、熟悉SQL操作，熟悉Mysql数据库，对PHP缓存技术有一定了解； 4、熟练使用Memcache/Redis5、精通SQL和数据结构，具有一定的mysql查询优化能力，有独立开发能力；6、精通设计模式和组件技术，熟悉关系型数据库和面向对象编程思想，有大项目经验优先；岗位职责：1.参与系统体系结构分析、设计，系统性能优化、接口设计等。2.主导公司产品后台业务系统的架构设计和开发工作，参与系统核心功能模块的技术攻关，协助解决项目中的技术难题。3.编制项目相关的各类技术文档，参与团队内部知识传递4.规范代码，编码开发、单元测试、重构、代码检查等,其他,150-500人,php,成都
php开发工程师,https://www.lagou.com/jobs/7035423.html,武侯区,7k-9k,成都小码哥科技有限公司,5-10年,大专,精英团队、项目发展前景好、晋升空间大,◆◆ 岗位职责：1.根据公司的项目规划，负责业务系统的核心模块的设计和开发工作；2.根据公司的质量要求，对所负责的项目进行单元测试和系统集成测试；3.快速分析、排查、解决项目实施过程中及线上遇到的技术问题；4.负责进行功能需求开发，承担部分新技术试验和研究，并应用到公司产品；5.定期与市场和产品部沟通，获取反馈信息并进行相应的处理；6.负责项目开发文档的编写，要有较强的沟通能力并准确理解需求；7.系统架构持续优化，优化团队研发流程和方法，不断提高团队代码质量、研发水平和工作效率；8.协调系统内部、跨系统的技术方案制定和评审，保证系统的可扩展、易维护性；9.完成基础工具、平台的研发、运维等方面的日常工作；10.对参与研发线上系统的稳定性和可用性负责；11.完成上级安排的工作。【教育经历】：大专及以上学历，计算机相关专业、小程序开发经验者优先。【任职资格】:1、拥有5年以上技术核心开发工作经验，精通php；2、能独自设计互联网产品整体规划方案，编写详细设计文档；3、具有较强的数据库优化能力、MySQL索引优化、查询优化和存储优化经验、缓存技术、静态化设计方面的经验；4、熟悉web架构和数据库等服务器的部署实施，精通Linux命令行配置，对服务器与网络运维有丰富的项目经验；5、具备较好的项目管理技能，包括进度安排、版本控制、风险控制、质量管理、运维管理等。工作地址：四川成都市武侯区交子金融科技中心B座 0403公司名称：成都小码哥科技有限公司 挪码,"移动互联网,数据服务",50-150人,php,成都
php开发工程师,https://www.lagou.com/jobs/6250582.html,高新区,5k-10k,四川初心不二科技有限公司,应届毕业生,不限,"五险一金,周末双休,年终休假,奖金丰厚","任职要求：1、具备扎实的计算机理论基础，2年以上工作经验；2、熟悉LNMP开发环境，精通PHP开发语言，熟悉各种主流的MVC开发框架的使用及其原理；3、精通MySQL数据库设计和优化，熟悉SQL代码编写，熟悉至少一种数据库管理软件；4、熟悉Ajax、JQuery、JavaScript等前段技术，熟悉ThinkPHP、yii等主流框架5、熟悉Linux/Unix系统环境搭建和基本操作以及相关网络基础知识；6、熟悉Nginx服务器的配置，了解负载均衡，冗余备份等一系列运维技术；7、至少熟悉一款nosql数据库如:redis/mongodb等；8、逻辑思维能力强，做事有条理，具备较强的项目分析和解决问题的能力；9、有强烈的上进心和求知欲,善于学习新事物,对技术充满激情，敢于挑战；10、有APP、小程序、OA、ERP等系统研发经验优先；——有市场竞争力的薪酬；——完善的福利待遇：五险、年终奖、年度体检、节日福利、生日福利、下午茶时令水果、定期聚餐、定期看电影、每年调薪、部门团建、健身房、团队氛围好等；——宽敞舒适的办公环境；——BAT、华为大牛带你飞；","移动互联网,电商",150-500人,php,成都
php后端,https://www.lagou.com/jobs/6000453.html,高新区,8k-10k,成都博创时空科技有限公司,3-5年,大专,福利待遇、发展有前景,1.至少精通一种PHP常用框架；如ThinkPHP、YII、Laravel、fastadmin等。2.精通Mysql数据库操作，能够独立优化数据库、熟练运用事务、索引、读写分离技术3.MongoDB数据库的安装、PHP扩展库安装及应用4.熟悉linux系统基本操作命令、能够独立搭建LNMP环境5.有过大数据处理经验优先；例如大批量数据的上传、更新、读取等操作6.至少精通一种缓存机制，例如redis、Memcached等7.熟悉HTML，XML，DIV+CSS，JavaScript，AJAX和JQuery框架8.会运用git9.了解VUE框架10.代码逻辑处理能力强,"移动互联网,信息安全",少于15人,php,成都
php,https://www.lagou.com/jobs/6979275.html,青羊区,12k-24k,成都华龙智行企业管理有限公司,1-3年,大专,六险一金/节日/生日福利/晋升空间大,工作内容使用PHP语言开发互联网应用程序；网站产品和网站功能模块的开发与维护；与页面设计师协调沟通，编写部分Javascript和HTML；参与底层MVC框架的编写与维护。岗位需求教育培训：计算机相关专业全日制大专以上学历。工作经验：具备良好的代码编程习惯及较强的文档编写能力；精通PHP语言，精通CGI标准和HTTP等互联网协议；熟练掌握HTML语言、JavaScript脚本语言；英文水平过硬，日语水平达到n3的优先，能基本不借助字典快速阅读英文文档；熟悉LINUX或WINDOWS操作系统；有良好的沟通、协调能力和学习能力，具备良好的团队合作精神，对工作积极严谨踏实。,企业服务,15-50人,php,成都
php开发工程师,https://www.lagou.com/jobs/6854296.html,高新区,10k-20k,杭州优普信息技术有限公司,3-5年,大专,极度开放透明，Swoft 团队带你飞,岗位职责：1、能独立编写系统设计方案文档，并能够通过评审，完成需求开发;2、遵循公司研发规范，设计良好的框架，快速迭代需求;3、参与公司核心系统开发;任职要求：1、计算机或相关专业本科以上学历，有扎实的计算机编程理论基础;2、精通LNMP架构，有中大型或高并发项目经验；3、精通PHP脚本语言，熟悉常见PHP框架，精通YII2框架者优先；4、熟悉MySQL，MongoDB，Redis，等存储技术；5、有技术博客、开源项目者优先；6、有小程序经验者优先；7、熟悉 Swoole 或 Swoft 者优先；,"移动互联网,电商",15-50人,php,成都
php后端,https://www.lagou.com/jobs/6579668.html,高新区,7k-11k,成都云端智慧科技有限公司,5-10年,大专,双休 五险一金 扁平管理 团队氛围好,岗位职责：1、根据设计文档或需求说明完成代码编写，调试，测试和维护；2、项目的日常管理及功能的完善和二次开发；3、分析并解决项目开发过程中的问题；4、进行详细设计、代码开发，配合测试，高质量完成项目；5、配合上级完成相关任务目标； 岗位要求：1、大专及以上学历，3年及以上PHP开发经验，有CMS开发经验优先；2、精通Linux、Apache、Redis等搭建、设置及调优；3、熟练运用PHP、Mysql，精通MVC框架，对OOP有较深认识，掌握常用设计模式；4、至少熟悉一种 PHP 开源程序的二次开发（ThinkCMF、EmpireCMS/wordpress/ecshop等）；5、熟悉SVN、GIT版本管理工具的使用。6、有微信公众平台、小程序开发流程，熟悉微信接口开发；7、有完整网站项目开发经验者优先；熟悉ThinkCMF、帝国cms优先；,"移动互联网,旅游",15-50人,php,成都
php开发工程师,https://www.lagou.com/jobs/6817804.html,双流区,8k-12k,成都微当家科技有限责任公司,3-5年,不限,双休，,【岗位职责】1.负责业务的服务端开发工作，对现有系统进行重构、升级；2.利用现有产品实现快速二开。3.根据客户需求实现相应产品功能，保障系统稳定运行。4.负责研发实施过程中的模块核心编码、技术文档编写、项目推进等。【任职要求】1.3 年以上服务端开发经验；2.掌握 PHP 语言，熟悉 PHP 主流框架，如 TP、Laravel 、Yii等（至少熟悉2种）；对OOP有较为深入的认识，掌握常用设计模式；3.熟悉多个开源项目（微擎、ECShop、DedeCMS、DZ论坛、Smarty模板引擎），对微信、支付宝、头条等小程序、公众号开发熟悉。4.熟悉Linux，熟悉Nginx、MySQL、PHP等软件的部署和配置优化； 5. 能够使用HTML、CSS、JavaScript、ajax、jQuery等技术进行web前端开发，熟悉Vue，uni-app前端框架优先。优秀开发人员可兼职,"社交,移动互联网",15-50人,php,成都
PHP开发工程师,https://www.lagou.com/jobs/6915478.html,高新区,10k-15k,成都素影网络科技有限公司,3-5年,本科,社保,1.负责后端架构设计。2.负责后端开发。3.负责插件接口开发。4.负责后台日常维护。 【任职资格】：  1.熟练掌握PHP，熟悉YII，有YII项目经验。2.具备架构设计能力，具备架构设计经验。3.熟悉redis。有使用redis作为缓存和队列的经验。4.熟悉mysql，能熟练编写SQL，了解SQL优化。5.熟悉Eloquent ORM。6.有mongo使用经验。7.熟悉elasticsearch。有elasticsearch实践经验8.熟悉git以及docker。9.具备较强的OOP思维。10.具备电商/社交/项目经验优先。11.有分布式系统部署经验优先。12.踏实上进，具备较强的自学能力。ps:可视频面试,"电商,消费生活",少于15人,php,成都
PHP工程师,https://www.lagou.com/jobs/6909091.html,高新区,15k-23k,成都亿睿科技有限公司,3-5年,本科,试用期五险一金  节日福利 下午茶,岗位职责：1. 负责公司智慧营销应用的开发2. 智慧营销服务Saas平台相关业务的开发任职要求：1. 计算机及相关专业本科以上学历，2年以上开发经验；2. 精通PHP7.0开发，至少精通一门PHP框架，如Yii、Laravel、ThinkPHP等，有Yii2.0框架开发经验优先；3. 熟悉MySQL数据库应用开发，认识索引应用和优化，熟悉memcache、redis等缓存机制;4. 有供应链相关系统开发经验优先;5. 精通Linux系统，有集群管理配置经验，精通PHP+MySQL开发与性能优化，有MySQL数据库设计开发、数据复制、集群的管理配置经验；6. 具备Swoole/Workman的开发经验优先；7. 具备项目管理经验，能够独立完后或者带领团队完成项目；8. 思路清晰严谨，有职业道德。【薪酬福利】五险一金 + 项目奖金 + 餐饮补贴 + 年度体检 + 股权激励,"移动互联网,企业服务",50-150人,php,成都
php后端,https://www.lagou.com/jobs/6103588.html,高新区,7k-9k,成都美冀科技有限公司,3-5年,本科,每月生日会、定期聚餐,"任职要求：1、本科及以上学历，3年以上PHP开发经验;2、熟悉 Linux 操作系统，熟悉 Shell 脚本编程，熟练使用常用的Linux命令；3、熟悉常用开发环境如Apache、Nginx、Memcache、Redis等的搭建、设置及调优；4、熟练运用PHP、mysql，至少熟悉一种MVC框架，如thinkPHP5，CI，Yii等，研究过源码,对OOP有较为深入的认识，掌握常用设计模式；5、至少熟悉一种 PHP 开源程序的二次开发（ecshop,phpcms v9,dedeCMS,shopEX,wordpress等），熟悉shopnc优先；6、mysql数据库索引优化、查询优化和存储优化经验，掌握各种调优技巧；7、执行能力强，有开发直播类项目经验者优先；","移动互联网,游戏",15-50人,php,成都
php后端,https://www.lagou.com/jobs/6806031.html,高新区,5k-6k,成都优创智汇信息技术有限公司,1-3年,大专,一起创想未来！,岗位要求：1. 一年及以上PHP开发经验，熟悉mvc开发模式和常用的PHP开发框架，对新框架能够快速使用；2. 熟练使用thinkphp等主流PHP框架，熟悉微擎/人人商城二开；3. 能单独开发微信公众号和微信小程序，必须有上线项目；4. 具备良好的编程风格，掌握版本管理工具，有良好的沟通能力和团队合作能力、抗压能力强；5. 熟练掌握mysql数据库索引优化、查询优化和存储优化技能，掌握各种调优技巧；6. 熟悉 HTML/CSS/JavaScript/AJAX/HTTP，有前端开发经验者优先；7. 具备较强的逻辑分析和独立解决问题能力；8. 具备良好的沟通合作技巧，较强的责任心及团队合作精神。入职实习即可享受公司阶梯薪资，试用期3个月，转正后公司进行评定，优秀者公司留用并按照能力重新定岗定薪；工作时间：早9-晚6 周末大小休 法定假日休息，带薪年假5天起，享受婚假、丧假、产假等带薪假期欢迎各位充满激情的年轻人加入我们，一起创想未来！,"移动互联网,电商",15-50人,php,成都
高级PHP开发工程师,https://www.lagou.com/jobs/4579808.html,锦江区,12k-20k,成都御顺投资有限公司,5-10年,大专,"PHP,高级开发,项目分红,五险一金","职责：1.有团队领导能力；2.分析项目需求，制定项目总架构；技术技能：1.5年以上PHP实际开发工作经验；2.熟悉SaaS应用开发，具备高并发、高可用WEB系统开发、架构设计及优化经验；3.熟练掌握MySQL 架构,InnoDB 引擎, 索引结构,事务及事务隔离级别,内存,I/O 等,熟悉分库分表,擅长MySQL性能调优；4.大型APP、有大型电商系统/分布式系统开发管理经验，了解接口规范，熟练使用Laravel等流行框架，能独立完成服务器端的程序开发工作；5.掌握Linux服务器环境搭建，维护以及性能优化，有高负载高并发相关经验；6.掌握缓存技术，例如memcached、redis缓存技术；7.有数据爬虫和数据推荐算法相关经验，有大数据处理相关经验；8.熟练使用Git/SVN，并对网站,接口等并发测压有一定经验；9.熟练运用第三方SDK对接，快速达到项目的功能需求。","移动互联网,金融",500-2000人,php,成都
PHP程序员,https://www.lagou.com/jobs/5586718.html,高新区,8k-15k,成都优孚世纪信息技术有限公司,3-5年,不限,五险一金，不考勤，学习氛围好，有发展前景,"### 任职要求 1. 熟练掌握Laravel框架，理解laravel最佳实践和项目规范； 2. 熟练掌握Bootstrap，熟悉vuejs\jquery等前端框架；3. 熟练掌握MySQL数据库应用开发，了解MySQL的数据库配置管理、性能优化等技能,熟悉缓存技术，例如memcached或redis缓存技术；4. 具备良好的自我学习和约束能力，良好的编程习惯及较强的文档编写能力；   ### 岗位职责： 1. 参与企业应用型网站能设计，模块设计，数据库设计；  2. 完成软件系统代码的实现，编写代码注释和开发文档； 3. 根据设计文档或需求说明完成代码编写、调试、测试和维护； 4. 分析并解决软件开发过程中的问题；","企业服务,金融",50-150人,php,成都
php后端开发工程师,https://www.lagou.com/jobs/7063895.html,高新区,8k-10k,成都海杰智策信息科技有限公司,3-5年,本科,项目具有发展前景,职位描述:1.全权独立负责公司微信小程序后端开发；2.参与需求分析、与相关人员一起探讨、设计、实现产品的新功能及改进；3.持续改进既有代码、架构，以应对日益增长的业务需求；岗位要求：1、全日制本科计算机及相关专业毕业，3~5年以上软件开发经验，拥有从0到1的完整项目开发经历；2、精通PHP开发，至少精通一门PHP框架，如Laravel、ThinkPHP等；3、精通web开发技术，熟练掌握HTML、CSS、javascript、Ajax等编程能力；4、熟悉Linux操作系统，熟悉Mysql数据库开发、配置、维护和性能优化；5、熟悉memcache、redis等缓存机制，了解后端性能优化；6、拥有良好的工程师思维和代码习惯，结构清晰，命名规范，逻辑性强；7、有相关小程序开发经验者优先；对个人要求：1、为人踏实，坦诚相待，拒绝磨洋工，工期拖延者，小算盘精算师；2、能够管理好自身时间安排；3、做事有原则，不推诿，不甩锅；郑重承诺，我们本着以结果为导向的原则，只要能按时按要求保证质量完成任务，期间所付出的努力必然有相应的回报，欢迎各路大神大佬往我头上扔简历。ps：本职位暂不接受初级开发人员，无相关项目经验者慎投。,"人工智能,软件开发",15-50人,php,成都
php研发工程师,https://www.lagou.com/jobs/7175637.html,青羊区,6k-8k,成都链商科技有限公司,1-3年,不限,周末双休、氛围好、年终奖、绩效奖励,岗位职责：1、负责企业管理系统的开发及管理工作，涉及PC后台及微信小程序端；2、对现有系统重构，对现有底层代码优化和完善以满足产品新版本的发布需求；3、在开发中发现存在的问题，积极参与产品、功能与技术架构的改进；4、有商城后台开发、企业管理软件开发经验优先任职要求：1、精通PHP，熟悉yii框架 ，能够独立编写中等规模PHP应用程序；2、精通mysql，有数据库整体设计，SQL性能调优等能力；3、熟悉XML、ajax、JQuery和Div+CSS等主流技术及结构；4、须拥有良好的代码编写习惯，要求结构清晰，命名规范，逻辑性强；5、责任心强、工作细心，具有良好的沟通、协作能力和团队合作意识，有较强的抗压能力；6、有较强的逻辑思维和学习能力，具有对新技术、新知识、新领域的学习热情；我们期待能一路前行的你！,"移动互联网,消费生活",15-50人,php,成都
PHP实习生,https://www.lagou.com/jobs/1042236.html,高新区,1k-2k,成都渔果科技有限公司,应届毕业生,本科,弹性工作，项类型多，学习机会多,我公司是阿里巴巴授权定制开发商，项目主要为阿里巴巴业务相关项目，公司阿里业务飞速发展，员工可以接触全面的阿里相关技术场景，提供很大技术发展空间，期待你的加入。1. 熟悉PHP，熟悉Lavarel或者TP框架，熟悉面向对象设计，有良好编程习惯2. 熟悉MySQL，熟悉SQL语言，熟练通过索引优化查询效率。3. 熟练配置LAMP开发环境，熟练配置Linux环境。4. 熟悉网页前台技术，XHTML，CSS，Javascript5. 熟练掌握AJAX技术6. 熟练掌握SMARTY模板引擎7. 了解PHP框架技术，半年以上PHP项目经验。8、热爱互联网、学习能力强，思想活跃、勤奋敬业，善于沟通，具有团队合作精神，项目紧张需要加班；9、有PHP网站或者小程序后台开发经验，熟悉基于Linux+Apache+PHP+MySQL的WEB开发。10、每周工作日到公司实习，实习期到毕业。应届毕业生，大四或者研究生优先。优秀者可提供转正式员工机会。,"移动互联网,消费生活",少于15人,php,成都
高级PHP工程师,https://www.lagou.com/jobs/6941144.html,高新区,15k-25k,深圳街电科技有限公司,5-10年,本科,技术氛围好，发展潜力大,"工作职责:1、负责公司基础产品的设计与开发工作，完成产品需求；2、与各技术人员紧密合作，完成工作任务；3、与产品经理配合，实现需求功能，并为产品运营提供支持；4、遵循公司研发规范，快速迭代需求；5、分析和快速排查定位解决线上问题，保障系统功能的稳定性。任职资格：1、计算机或相关专业本科以上学历，有扎实的计算机编程理论基础；2、精通PHP语言，良好的编码习惯，对代码质量有较高要求；4、熟练使用Git，Hg等版本控制工具；5、熟悉Linux操作系统，了解Linux的常用命令和基本服务器运维；6、熟悉redis、memcached等NoSQL技术,有Hadoop开发经验优先;7、熟悉Golang语言优先；8、参与大型项目开发或有独立项目开发经验优先；9、自我驱动，对产品有热情，有强烈的求知欲和进取心，抗压能力强。","消费生活,汽车丨出行",500-2000人,php,成都
技术经理(PHP）,https://www.lagou.com/jobs/7086401.html,高新区,20k-30k,广州光峰科技有限公司,10年以上,大专,年底双薪 绩效奖金,1、 负责项目的功能分析、任务分配、进度跟踪、过程质量控制，确保项目按时保质保量完成；2、 负责项目代码的模块化管理，建立、维护和更新项目程序开发标准和规范，并执行实施；3、 负责技术团队的建设、培养和管理，提升团队的工作质量、效率和技术能力，构建稳定、高效的技术研发团队；4、研究决策部门的技术路线、规划技术架构，以及核心代码的编写；5、领导技术团队并组织实施年度工作计划，完成任务目标。任职要求：1、 8年以上PHP开发工作经验，3年以上团队管理经验，有APP开发经验优先；2、 熟悉常用的thinkphp、onethink框架，使用过swoole、workman等异步框架尤佳3、 熟悉使用jquery、Bootstrap、vue等相关前端技术；4、 数据结构、算法分析功底扎实，良好代码规范习惯；5、 精通服务器配置安全知识，能够独立完成服务器部署；6、 具备团队领导、沟通协调、计划执行等管理潜力，能承受较大工作压力；7、 有大型数据库设计、高并发、缓存机制、性能优化相关经验者优先,其他,15-50人,php,成都
PHP负责人,https://www.lagou.com/jobs/7103371.html,双流县,15k-30k,成都如晶谦和科技有限公司,10年以上,本科,五险一金、带薪年假、项目奖金,"技能要求：PHP岗位职责：1、负责各项目中的编码工作，相关开发文档的整理与编写。2、负责项目现有功能的维护，新功能的研发；3、负责项目数据库设计，保证符合数据库设计规范和性能需求；4、负责APP接口开发和多方服务接入，与项目负责人进行数据对接以及数据整合。5、参与项目技术架构设计讨论，及项目需求评审；岗位要求：1. 本科以上学历，6年以上PHP开发工作经验，有商城相关开发经验者优先；2. 熟悉html、css、javascript，并能熟练使用jquery、VUE框架；3. 精通PHP语言、OOP开发、MVC架构；4. 了解swoole, workerman或其他多进程编程框架；5. 熟悉git等常用版本控制工具；6. 精通Mysql操作、Mysql索引优化、查询优化和存储优化；7. 熟练memcached、redis等缓存技术，实践过redis及mongodb优先考虑；8. 熟悉Linux环境和常用命令；9. 拥有良好的编码风格，结构清晰、命名规范、逻辑性强、代码冗余率低；10. 有良好的团队合作能力，善于沟通，工作自主驱动，有强烈的探索新技术知识的欲望。",软件开发,50-150人,php,成都
技术经理（PHP）,https://www.lagou.com/jobs/7102350.html,高新区,18k-25k,成都如晶谦和科技有限公司,5-10年,大专,13薪 下午茶 项目奖金,1、 负责项目的功能分析、任务分配、进度跟踪、过程质量控制，确保项目按时保质保量完成；2、 负责项目代码的模块化管理，建立、维护和更新项目程序开发标准和规范，并执行实施；3、 负责技术团队的建设、培养和管理，提升团队的工作质量、效率和技术能力，构建稳定、高效的技术研发团队；4、研究决策部门的技术路线、规划技术架构，以及核心代码的编写；5、领导技术团队并组织实施年度工作计划，完成任务目标。任职要求：1、 8年以上PHP开发工作经验，3年以上团队管理经验，有APP开发经验优先；2、 熟悉常用的thinkphp、onethink框架，使用过swoole、workman等异步框架尤佳3、 熟悉使用jquery、Bootstrap、vue等相关前端技术；4、 数据结构、算法分析功底扎实，良好代码规范习惯；5、 精通服务器配置安全知识，能够独立完成服务器部署；6、 具备团队领导、沟通协调、计划执行等管理潜力，能承受较大工作压力；7、 有大型数据库设计、高并发、缓存机制、性能优化相关经验者优先,软件开发,50-150人,php,成都
PHP实习生,https://www.lagou.com/jobs/3462988.html,高新区,3k-4k,成都锦猫科技有限公司,应届毕业生,不限,"奖金,可转正",接收公司培训以及参与公司项目开发，完成安排的开发任务。,"移动互联网,消费生活",少于15人,php,成都
php中级工程师偏全栈,https://www.lagou.com/jobs/6648150.html,高新区,8k-13k,乔品科技（深圳）有限公司,3-5年,本科,国际化，创业公司，科技前沿，大牛带队,乔品科技致力于用优质的全球创新给用户惊喜生活。乔品科技在伦敦、香港和深圳分别设立有公司，业务主要聚焦3D领域：全息投影、全景拍摄和立体化。职位职责：1，参与公司产品（VR全景漫游系统）的业务模块开发。2，参与公司产品的优化，版本迭代的功能插件设计与开发。招聘要求：1，有过2个以上独立的php项目全栈经验。有研究过ecshop、discuz、phpwind等开源系统的开发思想。2，有优秀的面向对象思想，能独立手写封装类库。3，熟练开发各种API接口，如微信公众号、支付等，能独立封装api接口规范。4，能熟练手写html、css，熟练基于jquery开发。较熟练(学习)使用bootstrap写响应式布局最佳。5，较熟练操作linux系统部署LAMP环境等。6，本职位需要能立即独立上手写模块，要求开发经验2年及以上。,"企业服务,VR丨AR",少于15人,php,成都
中高级php工程师,https://www.lagou.com/jobs/6610496.html,高新区,5k-10k,成都试家科技有限公司,1-3年,大专,发展,1、负责系统研发；2、负责后台开发工作，具体包括需求分析、文档撰写、设计编码、测试运维、效果追踪等工作；3、参与产品讨论和开发实现;4、主要语言为PHP。职位要求：1、专科以上学历，1-3年工作经验；2、良好的设计和编码品味，热爱写代码；3、较好的产品意识，愿意将产品效果做为工作最重要的驱动因素；4、熟悉WEB前端；5、掌握WEB后端开发技术: 协议、架构、存储、缓存、安全等；6、积极乐观，认真负责，乐于协作。,"移动互联网,企业服务",15-50人,php,成都
PHP开发,https://www.lagou.com/jobs/4867705.html,新都区,4k-7k,成都惠硕科技有限公司,3-5年,本科,"饭补,社保,灵活人性化",,移动互联网,少于15人,php,成都
PHP高级开发工程师,https://www.lagou.com/jobs/4177711.html,高新区,6k-10k,成都网道科技有限公司,3-5年,本科,"周末双休,五险一金,项目奖金,年终旅游","岗位职责：1、日常项目管理,例如项目预算,风险评估,制定详细开发计划2、负责项目技术选型、框架设计、核心代码编写3、通过检查/评审等手段监控和保证组内成员的工作进度和质量4、带领团队完成KPI业绩，负责团队各项指标达成5、负责所辖组员的日常训练和指导6、有效管理团队和激励团队完成业绩技能要求：1、计算机相关专业，本科及以上学历，3到5年相关岗位从业经验，具备至少二个完整的大型商业项目研发经验2、精通PHP语言，有良好的代码书写、注释和单元测试习惯，熟练运用多种软件设计模式;3、精通JQuery,熟练使用主流前段框架（一种或者多种）,例如VUE.JS、React、AngularJS、Bootstrap等4、精通数据库原理（一种或者多种）,例如MySQL、Oracle、SQL Server，具备熟练的SQL语句、存储过程开发经验5、熟练运用PHP、mysql，至少熟悉一种MVC框架，如thinkPHP，CI，Yii等优先;6、mysql数据库索引优化、查询优化和存储优化经验，掌握各种调优技巧；7、有软件架构、服务器架构等方面经验,了解大负载服务器端解决方案者优先；8、熟悉常用开发环境（一种或者多种）如Apache、Nginx、Memcache、Redis等的搭建、设置及调优9、有一定的项目管理经验有以下经验者优先1、敏捷开发项目与实践2、移动APP开发项目与实践3、大数据项目与实践4、DevOps 福利待遇：周末双休、五险一金、项目奖金、不定期培训（内训、外训）、不定期团建活动、周五下午茶、员工生日蛋糕、年终旅游",移动互联网,15-50人,php,成都
PHP软件工程师,https://www.lagou.com/jobs/3577657.html,郫县,9k-15k,成都世联达科技有限公司,3-5年,本科,"股权激励,年底双薪,五险一金,不加班","1. 有2年以上PHP相关工作经验； 2. 熟练掌握LINUX+APACHE+MYSQL+PHP架构的软件开发。 3. 熟练掌握HTML,HTML5, CSS, ,JavaScript, JSON,jQuery/Ajax等Web页面技术； 有手机WAP页面开发经验优先考虑。4. 熟练掌握SQL语言。熟悉数据库性能优化。 5. 优良的逻辑分析及学习能力，良好的编程技巧和编程风格； 6. 乐观，责任心强，善于与人沟通，团队合作精神强，对参与快速成长型企业有兴趣；     公司领导均技术出身，对产品可行性及开发效率进度都把握准确。此外，我们推崇工作时间效率至上，因此不加班，准时6点下班，周末双休。有五险和融洽的团队气氛，欢迎各位程序员踊跃加盟！","信息安全,硬件",15-50人,php,成都
PHP程序员,https://www.lagou.com/jobs/4948897.html,高新区,3k-5k,成都知品科技有限公司,1-3年,不限,双休,1、根据客户及公司需求，负责PHP端的开发；2、不断优化用户体验以及PHP服务端的性能；3、负责产品系统的开发；4、配合产品设计、UI设计师完成产品的调试开发；5、维护相关系统、保证系统运行的稳定性；任职要求：1、熟悉主流数据库，有Mysql优化经验，了解PHP基本的数据结构和扩展开发；2、良好的代码习惯，要求结构清晰、命名规范、逻辑性强、代码冗余率低；3、熟悉 HTML、CSS、JavaScript、jQuery 等前端技术；4、有商城开发经验者优先；5、熟悉THINKPHP者优先；6、善于学习，踏实肯干，有良好的时间意识，工作以结果为导向；7、具备良好的团队协作精神，极强的责任心和编程灵气。,"移动互联网,企业服务",少于15人,php,成都
PHP实习生,https://www.lagou.com/jobs/4917263.html,高新区,1K-2K,成都知品科技有限公司,不限,不限,实习,1、根据客户及公司需求，负责PHP端的开发；2、不断优化用户体验以及PHP服务端的性能；3、负责产品系统的开发；4、配合产品设计、UI设计师完成产品的调试开发；5、维护相关系统、保证系统运行的稳定性；任职要求：1、熟悉主流数据库，有Mysql优化经验，了解PHP基本的数据结构和扩展开发；2、良好的代码习惯，要求结构清晰、命名规范、逻辑性强、代码冗余率低；3、熟悉 HTML、CSS、JavaScript、jQuery 等前端技术；4、有商城开发经验者优先；5、熟悉THINKPHP者优先；6、善于学习，踏实肯干，有良好的时间意识，工作以结果为导向；7、具备良好的团队协作精神，极强的责任心和编程灵气。,"移动互联网,企业服务",少于15人,php,成都
PHP开发工程师（实习生）,https://www.lagou.com/jobs/6856793.html,高新区,2k-4k,北京链商电子商务有限公司,1年以下,本科,"带薪年假,弹性工作,福利多多","1. 掌握HTML/XHTML/CSS等语言；2. 数据结构与数据库基础知识扎实，掌握MySQL，了解常用非关系数据库（如redis，Memcached....）；3. 良好的学习能力、沟通与表达能力、思路清晰，较强的动手能力与逻辑分析能力；4. 对新技术有足够的学习热忱和对技术的追求；5. 限应届毕业生, 全日制高校，计算机、软件工程、数学等相关专业;6.  985、211优先选择；7. 掌握PHP/Python/Go优先；","移动互联网,电商",150-500人,php,成都
中高级PHP工程师,https://www.lagou.com/jobs/4126964.html,高新区,10k-18k,成都思而科软件有限公司,3-5年,大专,"五险一金,弹性工作时,带薪年假",岗位职责：1、负责大型电商网站功能开发、编写与维护以及文档的整理；2、负责公司现有项目功能的维护、新功能的研发；3、负责数据库的应用开发与管理维护，协调数据库设计，保证符合数据库设计规范和性能需求；任职要求： 1、大专及以上学历，3年以上PHP开发上工作经验，有良好文档编写能力和编程风格； 2、精通PHP+MySQL开发，熟悉JavaScript、jQuery、CSS、Html/Html5； 3、熟悉MVC开发模式，OOP编程思想，掌握一种以上MVC框架；4、熟悉 Linux 操作系统，熟练使用常用的Linux命令； 5、熟悉电商网站业务流程，有大型电商网站开发经验优先；6、有较强的学习能力、沟通协调能力、团队合作精神；7、英语读写流利者优先。,电商,50-150人,php,成都
中级php,https://www.lagou.com/jobs/7177205.html,高新区,7k-12k,成都悦来生活科技有限公司,3-5年,不限,餐补、交补、通讯补、社保公积金、下午茶,岗位职责： 1、根据设计文档或需求说明完成代码编写，调试，测试和维护； 2、项目的日常管理及功能的完善和二次开发； 3、分析并解决项目开发过程中的问题； 4、进行详细设计、代码开发，配合测试，高质量完成项目； 5、配合上级完成相关任务目标；  岗位要求： 本科及以上学历，优秀者可放宽学历要求，3年及以上PHP开发经验，有CMS开发经验优先； 2、精通Linux、Apache、Redis等搭建、设置及调优； 3、熟练运用PHP、Mysql，精通MVC框架，对OOP有较深认识，掌握常用设计模式；了解resetful。 4、至少熟悉一种 PHP 开源程序的二次开发（ThinkCMF、Larval/wordpress/ecshop等）； 5、熟悉SVN、GIT版本管理工具的使用。 6、有微信公众平台、小程序开发流程，熟悉微信接口开发； 7、熟悉敏捷开发，devops，ci/cd，pipeline等项目管理及运维模式优先。,移动互联网 生活服务,15-50人,php,成都
